ecg_ts,ecg,bpm,leadOff
326614,1362,69,0
326630,1474,69,0
326645,1670,69,0
326659,1776,69,0
326675,1738,69,0
326690,1702,69,0
326704,1248,69,0
326725,1257,69,0
326741,1375,69,0
326755,1725,69,0
326769,2061,69,0
326784,2158,69,0
326799,2242,69,0
326813,1873,69,0
326829,2100,69,0
326846,2171,69,0
326861,2270,69,0
326875,1855,69,0
326889,1665,69,0
326910,1503,69,0
326925,1809,69,0
326940,1833,69,0
326955,1948,69,0
326970,1984,69,0
326984,2583,69,0
326998,4095,68,0
327012,4095,68,0
327028,1183,68,0
327043,1679,68,0
327057,1524,68,0
327078,1150,68,0
327093,1478,68,0
327107,1926,68,0
327127,1808,68,0
327143,1990,68,0
327157,2322,68,0
327171,2102,68,0
327186,2320,68,0
327201,2377,68,0
327215,2224,68,0
327230,1840,68,0
327254,1855,68,0
327269,2181,68,0
327283,2060,68,0
327299,1856,68,0
327314,1873,68,0
327332,1531,68,0
327347,1409,68,0
327362,1663,68,0
327377,1520,68,0
327391,1435,68,0
327405,1664,68,0
327419,1697,68,0
327435,1630,68,0
327450,1330,68,0
327464,1169,68,0
327488,1382,68,0
327503,1631,68,0
327517,1424,68,0
327532,1675,68,0
327550,1934,68,0
327565,1994,68,0
327579,1791,68,0
327596,1706,68,0
327611,2066,68,0
327625,1687,68,0
327641,1456,68,0
327664,1423,68,0
327678,1782,68,0
327692,2098,68,0
327707,2385,68,0
327722,2158,68,0
327736,2181,68,0
327750,2230,68,0
327766,1958,68,0
327781,1531,68,0
327796,1289,68,0
327810,1535,68,0
327831,1370,68,0
327846,1650,68,0
327861,1910,68,0
327881,1877,68,0
327896,3315,67,0
327910,4095,67,0
327932,1367,67,0
327948,1767,67,0
327963,1899,67,0
327977,1742,67,0
327992,1681,67,0
328007,1869,67,0
328022,1937,67,0
328036,2112,67,0
328053,1941,67,0
328068,1899,67,0
328082,1628,67,0
328096,1338,67,0
328120,1511,67,0
328136,2126,67,0
328151,2283,67,0
328167,2306,67,0
328182,2387,67,0
328196,1661,67,0
328210,1488,67,0
328231,1118,67,0
328255,1053,67,0
328271,1270,67,0
328287,1584,67,0
328302,1678,67,0
328316,1731,67,0
328331,1746,67,0
328346,2030,67,0
328361,1888,67,0
328376,1723,67,0
328391,1872,67,0
328406,1755,67,0
328420,2087,67,0
328434,1902,67,0
328449,1933,67,0
328467,1870,67,0
328482,1581,67,0
328496,1506,67,0
328521,1182,67,0
328536,1281,67,0
328550,1675,67,0
328565,2018,67,0
328581,1688,67,0
328596,976,67,0
328610,938,67,0
328631,1232,67,0
328667,1868,67,0
328683,2140,67,0
328698,2069,67,0
328712,1701,67,0
328728,2129,67,0
328743,2400,67,0
328759,2448,67,0
328777,1709,67,0
328793,1615,67,0
328808,1949,67,0
328826,1995,67,0
328843,1753,67,0
328858,2330,67,0
328874,2891,67,0
328890,4095,66,0
328905,4095,66,0
328920,1077,66,0
328934,1627,66,0
328949,1639,66,0
328964,1744,66,0
328980,1382,66,0
328996,1968,66,0
329011,2110,66,0
329025,1850,66,0
329039,2274,66,0
329054,2197,66,0
329073,1534,66,0
329094,1792,66,0
329110,2187,66,0
329125,2288,66,0
329139,2166,66,0
329154,2451,66,0
329170,2142,66,0
329185,1662,66,0
329199,1222,66,0
329221,706,66,0
329236,1046,66,0
329256,1314,66,0
329271,1425,66,0
329286,1506,66,0
329301,1429,66,0
329315,1651,66,0
329330,1635,66,0
329344,1337,66,0
329358,1111,66,0
329380,1111,66,0
329395,1637,66,0
329409,1863,66,0
329423,1901,66,0
329439,2023,66,0
329454,1791,66,0
329468,1623,66,0
329495,1149,66,0
329510,1394,66,0
329524,1700,66,0
329539,2187,66,0
329554,2257,66,0
329568,2014,66,0
329589,2112,66,0
329605,1986,66,0
329619,1882,66,0
329633,1665,66,0
329648,1799,66,0
329663,1919,66,0
329677,1927,66,0
329694,1954,66,0
329709,1998,66,0
329723,1968,66,0
329737,1589,66,0
329753,919,66,0
329768,0,66,0
329782,0,66,0
329798,0,66,0
329814,0,66,0
329829,0,66,0
329843,0,66,0
329857,0,66,0
329878,478,66,0
329894,23,66,0
329909,0,66,0
329924,0,66,0
329939,0,66,0
329953,0,66,0
329967,0,66,0
329981,238,66,0
329997,86,66,0
330012,0,66,0
330026,129,66,0
330047,0,66,0
330062,335,66,0
330076,540,66,0
330099,875,66,0
330114,1610,66,0
330128,1658,66,0
330142,1807,66,0
330157,1787,66,0
330171,1974,66,0
330185,571,66,0
330200,410,66,0
330222,549,66,0
330237,857,66,0
330251,1184,66,0
330266,1407,66,0
330282,1337,66,0
330296,1563,66,0
330312,1782,66,0
330328,1698,66,0
330343,1696,66,0
330357,1504,66,0
330371,1099,66,0
330391,1042,66,0
330407,1690,66,0
330422,2321,66,0
330441,2334,66,0
330456,2181,66,0
330471,2240,66,0
330485,2069,66,0
330500,2061,66,0
330515,2053,66,0
330530,1577,66,0
330544,1613,66,0
330566,1031,66,0
330581,2117,66,0
330595,1874,66,0
330609,2193,66,0
330627,2160,66,0
330641,2064,66,0
330655,1843,66,0
330675,1748,66,0
330731,3051,60,0
330746,4095,60,0
330760,4095,60,0
330774,1510,60,0
330789,1616,60,0
330804,1988,60,0
330821,1432,60,0
330837,1943,60,0
330851,2335,60,0
330865,2313,60,0
330880,2338,60,0
330895,2549,60,0
330910,2325,60,0
330926,2290,60,0
330941,2459,60,0
330955,2366,60,0
330969,2323,60,0
330983,2663,60,0
330998,2557,60,0
331013,2307,60,0
331031,2133,60,0
331046,1734,60,0
331060,1663,60,0
331074,1245,60,0
331088,1456,60,0
331103,1770,60,0
331122,1713,60,0
331144,2011,60,0
331159,1872,60,0
331173,1899,60,0
331188,1834,60,0
331203,1919,60,0
331217,1749,60,0
331231,1734,60,0
331247,2093,60,0
331262,1828,60,0
331276,1220,60,0
331290,1264,60,0
331312,1349,60,0
331328,1872,60,0
331343,1903,60,0
331358,1958,60,0
331373,2065,60,0
331387,2199,60,0
331401,2303,60,0
331416,2315,60,0
331431,2301,60,0
331446,2139,60,0
331460,2005,60,0
331480,1695,60,0
331495,1754,60,0
331509,2081,60,0
331534,1963,60,0
331549,2122,60,0
331563,2112,60,0
331577,2064,60,0
331591,2672,60,0
331606,4095,59,0
331620,4095,59,0
331640,569,59,0
331656,1637,59,0
331670,1913,59,0
331684,2223,59,0
331699,2393,59,0
331714,2091,59,0
331728,1865,59,0
331744,1338,59,0
331760,1707,59,0
331774,1666,59,0
331788,1527,59,0
331804,1982,59,0
331819,2341,59,0
331837,1935,59,0
331860,2286,59,0
331874,2432,59,0
331888,2285,59,0
331903,2133,59,0
331918,1760,59,0
331932,1296,59,0
331948,1050,59,0
331963,1115,59,0
331977,972,59,0
331996,1535,59,0
332012,1643,59,0
332027,1614,59,0
332042,1677,59,0
332064,1923,59,0
332079,1864,59,0
332093,1742,59,0
332108,1826,59,0
332123,2103,59,0
332137,2117,59,0
332158,2031,59,0
332173,1957,59,0
332188,1841,59,0
332206,2080,59,0
332222,1594,59,0
332236,1507,59,0
332251,1805,59,0
332267,2176,59,0
332282,1984,59,0
332296,1808,59,0
332312,1793,59,0
332327,2033,59,0
332341,2217,59,0
332357,2174,59,0
332372,2256,59,0
332386,2346,59,0
332400,2129,59,0
332415,1715,59,0
332430,1653,59,0
332444,1776,59,0
332459,2096,59,0
332475,1904,59,0
332489,2394,59,0
332509,4095,59,0
332524,3027,59,0
332538,870,59,0
332554,1420,59,0
332569,1667,59,0
332585,1713,59,0
332599,1498,59,0
332613,1214,59,0
332634,1289,59,0
332649,1623,59,0
332665,1729,59,0
332681,1823,59,0
332696,1989,59,0
332710,2122,59,0
332724,2116,59,0
332740,2469,59,0
332765,2315,59,0
332781,2544,59,0
332796,2057,59,0
332810,1301,59,0
332825,1361,59,0
332840,1422,59,0
332854,1181,59,0
332869,1670,59,0
332886,1710,59,0
332901,1561,59,0
332915,1056,59,0
332929,940,59,0
332950,853,59,0
332968,1525,59,0
332983,1620,59,0
332998,1748,59,0
333013,1851,59,0
333028,2090,59,0
333043,2010,59,0
333059,2062,59,0
333074,2192,59,0
333089,2099,59,0
333103,1936,59,0
333119,2096,59,0
333133,1633,59,0
333147,1378,59,0
333169,986,59,0
333185,1386,59,0
333199,1584,59,0
333214,1717,59,0
333229,2016,59,0
333243,1941,59,0
333258,1935,59,0
333275,1850,59,0
333290,1834,59,0
333304,2045,59,0
333319,2224,59,0
333333,2415,59,0
333347,2098,59,0
333361,1680,59,0
333383,1211,59,0
333398,1593,59,0
333412,1728,59,0
333427,1998,59,0
333442,2287,59,0
333456,4095,58,0
333478,4095,58,0
333493,1235,58,0
333507,1414,58,0
333521,1813,58,0
333536,1488,58,0
333551,1585,58,0
333565,1638,58,0
333579,1534,58,0
333595,1680,58,0
333610,1781,58,0
333624,1491,58,0
333638,1808,58,0
333652,1951,58,0
333667,2062,58,0
333682,1711,58,0
333697,1874,58,0
333719,1863,58,0
333734,2246,58,0
333748,1977,58,0
333763,1895,58,0
333778,1669,58,0
333796,1323,58,0
333813,1366,58,0
333828,1341,58,0
333843,1306,58,0
333857,1335,58,0
333871,1328,58,0
333893,1077,58,0
333911,1553,58,0
333926,1721,58,0
333941,1529,58,0
333956,1376,58,0
333970,1409,58,0
333987,1829,58,0
334009,1354,58,0
334023,1409,58,0
334037,1058,58,0
334052,1066,58,0
334067,1018,58,0
334083,1420,58,0
334102,816,58,0
334118,643,58,0
334132,510,58,0
334146,1033,58,0
334160,1104,58,0
334175,1133,58,0
334194,597,58,0
334210,877,58,0
334225,1171,58,0
334239,1161,58,0
334258,1431,58,0
334273,1648,58,0
334288,1851,58,0
334303,4095,60,0
334318,4095,60,0
334333,980,60,0
334347,880,60,0
334361,1296,60,0
334382,1533,60,0
334397,1637,60,0
334412,1718,60,0
334429,2034,60,0
334444,2077,60,0
334458,2173,60,0
334472,2498,60,0
334486,2677,60,0
334502,2707,60,0
334517,2381,60,0
334531,2189,60,0
334551,2281,60,0
334566,2627,60,0
334580,2971,60,0
334602,2229,60,0
334618,1856,60,0
334633,1535,60,0
334647,1756,60,0
334661,2140,60,0
334676,2737,60,0
334690,2225,60,0
334706,1781,60,0
334726,2128,60,0
334741,2544,60,0
334755,2493,60,0
334772,2521,60,0
334787,2663,60,0
334802,2559,60,0
334820,2191,60,0
334837,2605,60,0
334852,2192,60,0
334866,1730,60,0
334880,1762,60,0
334900,1766,60,0
334916,1908,60,0
334931,2225,60,0
334947,2316,60,0
334962,2314,60,0
334977,2286,60,0
334991,2609,60,0
335008,2320,60,0
335026,1968,60,0
335041,1779,60,0
335055,1808,60,0
335079,1485,60,0
335094,1616,60,0
335108,2173,60,0
335124,2172,60,0
335139,2277,60,0
335153,2145,60,0
335167,3985,67,0
335182,4095,67,0
335197,2692,67,0
335211,1529,67,0
335227,2018,67,0
335244,2131,67,0
335259,1749,67,0
335273,1693,67,0
335287,1384,67,0
335308,1535,67,0
335324,1911,67,0
335340,2191,67,0
335356,2082,67,0
335371,2470,67,0
335385,2447,67,0
335401,2439,67,0
335417,2822,67,0
335435,2523,67,0
335450,1897,67,0
335464,1977,67,0
335485,1502,67,0
335500,1211,67,0
335514,1349,67,0
335530,1296,67,0
335546,2036,67,0
335561,1557,67,0
335575,1456,67,0
335599,1001,67,0
335614,1377,67,0
335629,1561,67,0
335645,2034,67,0
335660,2112,67,0
335674,1795,67,0
335688,1554,67,0
335709,1290,67,0
335724,1984,67,0
335741,1968,67,0
335759,2116,67,0
335775,2294,67,0
335789,2128,67,0
335804,2288,67,0
335818,2174,67,0
335834,2043,67,0
335849,2064,67,0
335863,2064,67,0
335883,1291,67,0
335898,1885,67,0
335912,2027,67,0
335928,2157,67,0
335946,2192,67,0
335961,2096,67,0
335975,2096,67,0
335989,1807,67,0
336004,1914,67,0
336018,1745,67,0
336037,1556,67,0
336058,2106,67,0
336073,4095,67,0
336087,4095,67,0
336101,1274,67,0
336116,1734,67,0
336132,1613,67,0
336147,1501,67,0
336163,1645,67,0
336178,1750,67,0
336192,1848,67,0
336210,2064,67,0
336226,1971,67,0
336240,1909,67,0
336255,2213,67,0
336270,2288,67,0
336285,2277,67,0
336299,1981,67,0
336313,1671,67,0
336333,1359,67,0
336349,2181,67,0
336364,1664,67,0
336380,1512,67,0
336395,1229,67,0
336409,1475,67,0
336423,1535,67,0
336439,1337,67,0
336455,1603,67,0
336469,1367,67,0
336483,1414,67,0
336507,1355,67,0
336522,1629,67,0
336536,2042,67,0
336552,2033,67,0
336568,1868,67,0
336582,1813,67,0
336596,1661,67,0
336618,1252,67,0
336633,1602,67,0
336649,1482,67,0
336665,1914,67,0
336681,2321,67,0
336695,1722,67,0
336709,1573,67,0
336731,1490,67,0
336746,1611,67,0
336761,1782,67,0
336776,1872,67,0
336791,1655,67,0
336806,1636,67,0
336821,1878,67,0
336836,2186,67,0
336850,1627,67,0
336869,1776,67,0
336884,2199,67,0
336899,1708,67,0
336913,1567,67,0
336927,1453,67,0
336947,1165,67,0
336963,1487,67,0
336978,1907,67,0
336993,1994,67,0
337008,1808,67,0
337022,1744,67,0
337036,2259,67,0
337054,4095,66,0
337070,2620,66,0
337085,1131,66,0
337099,1415,66,0
337119,1081,66,0
337134,1581,66,0
337148,1605,66,0
337163,2021,66,0
337179,1993,66,0
337193,1955,66,0
337207,2313,66,0
337221,2189,66,0
337236,2475,66,0
337250,2326,66,0
337266,2070,66,0
337286,2067,66,0
337301,2402,66,0
337315,2911,66,0
337330,2930,66,0
337346,2688,66,0
337360,2178,66,0
337374,1718,66,0
337389,1903,66,0
337404,1510,66,0
337418,1387,66,0
337432,1008,66,0
337456,1456,66,0
337472,1888,66,0
337487,2041,66,0
337504,1929,66,0
337520,1862,66,0
337534,1698,66,0
337548,1965,66,0
337565,1936,66,0
337581,1687,66,0
337596,1565,66,0
337610,1428,66,0
337634,1567,66,0
337649,2000,66,0
337663,2094,66,0
337679,2130,66,0
337694,2043,66,0
337708,1665,66,0
337722,1591,66,0
337746,1577,66,0
337761,1814,66,0
337776,2002,66,0
337792,1999,66,0
337807,2122,66,0
337821,2187,66,0
337835,1750,66,0
337856,1607,66,0
337871,1390,66,0
337887,1850,66,0
337903,1970,66,0
337918,2189,66,0
337932,2109,66,0
337946,1933,66,0
337961,2635,66,0
337975,4095,66,0
337991,4095,66,0
338008,965,66,0
338024,1730,66,0
338038,2026,66,0
338052,1915,66,0
338067,1776,66,0
338084,2041,66,0
338099,2046,66,0
338113,1799,66,0
338133,1699,66,0
338148,2238,66,0
338162,2099,66,0
338181,2236,66,0
338201,2439,66,0
338215,2399,66,0
338229,2325,66,0
338244,2369,66,0
338260,2430,66,0
338274,2035,66,0
338289,1632,66,0
338305,1508,66,0
338320,1535,66,0
338334,1660,66,0
338348,1264,66,0
338370,1344,66,0
338385,1936,66,0
338400,1719,66,0
338421,1929,66,0
338436,1777,66,0
338450,1680,66,0
338464,1524,66,0
338479,1698,66,0
338495,1245,66,0
338510,1187,66,0
338525,1535,66,0
338540,1797,66,0
338554,1680,66,0
338572,1593,66,0
338588,1520,66,0
338604,1437,66,0
338619,1798,66,0
338633,1842,66,0
338648,1755,66,0
338662,1472,66,0
338676,1262,66,0
338698,959,66,0
338713,1444,66,0
338727,1573,66,0
338747,2134,66,0
338762,2717,66,0
338777,4095,67,0
338791,3114,67,0
338807,770,67,0
338823,1583,67,0
338837,1420,67,0
338851,1396,67,0
338872,1122,67,0
338887,1390,67,0
338903,2073,67,0
338918,2001,67,0
338933,1987,67,0
338947,1966,67,0
338961,1766,67,0
338986,1786,67,0
339001,2145,67,0
339019,2073,67,0
339034,1955,67,0
339049,2256,67,0
339064,1964,67,0
339078,1508,67,0
339098,881,67,0
339113,990,67,0
339128,1345,67,0
339144,1696,67,0
339159,1773,67,0
339173,1682,67,0
339187,1814,67,0
339204,1923,67,0
339220,2206,67,0
339235,1951,67,0
339249,1702,67,0
339271,1535,67,0
339286,1571,67,0
339300,1995,67,0
339318,1733,67,0
339334,1776,67,0
339348,2070,67,0
339362,2235,67,0
339377,2096,67,0
339392,2000,67,0
339408,1471,67,0
339424,1712,67,0
339448,1840,67,0
339463,2131,67,0
339477,1667,67,0
339492,1872,67,0
339507,2145,67,0
339523,2026,67,0
339545,2176,67,0
339561,2166,67,0
339575,4095,68,0
339589,4095,68,0
339610,1299,68,0
339625,1690,68,0
339640,1559,68,0
339655,1974,68,0
339670,1873,68,0
339684,1661,68,0
339698,1894,68,0
339721,1648,68,0
339736,1806,68,0
339750,2071,68,0
339768,2239,68,0
339783,2366,68,0
339797,2478,68,0
339812,2450,68,0
339827,2483,68,0
339842,2496,68,0
339856,2311,68,0
339870,1965,68,0
339894,1294,68,0
339909,1214,68,0
339925,1787,68,0
339942,1584,68,0
339957,1799,68,0
339971,1535,68,0
339985,1309,68,0
340006,1393,68,0
340022,1582,68,0
340036,1898,68,0
340052,1943,68,0
340067,1885,68,0
340081,1873,68,0
340095,1909,68,0
340109,2087,68,0
340125,1943,68,0
340141,1616,68,0
340156,1626,68,0
340174,2302,68,0
340189,2326,68,0
340203,2141,68,0
340217,2176,68,0
340234,2218,68,0
340249,2001,68,0
340263,2364,68,0
340285,1705,68,0
340300,2038,68,0
340315,2099,68,0
340331,2026,68,0
340349,2167,68,0
340364,1863,68,0
340379,1874,68,0
340394,2075,68,0
340408,1910,68,0
340422,3529,69,0
340439,4095,69,0
340454,1500,69,0
340468,1075,69,0
340482,1377,69,0
340506,1386,69,0
340521,1850,69,0
340535,1979,69,0
340551,2237,69,0
340567,1861,69,0
340581,1879,69,0
340595,1610,69,0
340617,1729,69,0
340632,1879,69,0
340647,2260,69,0
340663,2547,69,0
340679,2471,69,0
340693,2704,69,0
340707,2514,69,0
340722,2321,69,0
340739,1874,69,0
340755,1137,69,0
340770,1152,69,0
340789,1328,69,0
340804,1392,69,0
340818,1651,69,0
340832,1834,69,0
340848,1966,69,0
340863,1728,69,0
340877,1710,69,0
340898,1305,69,0
340913,1567,69,0
340927,1755,69,0
340941,1666,69,0
340957,1905,69,0
340972,1589,69,0
340986,1625,69,0
341010,1219,69,0
341025,1663,69,0
341039,1680,69,0
341060,1934,69,0
341075,2084,69,0
341089,2034,69,0
341104,1823,69,0
341119,1947,69,0
341133,1870,69,0
341149,1588,69,0
341165,1264,69,0
341183,1742,69,0
341198,1881,69,0
341213,2077,69,0
341227,1662,69,0
341248,1852,69,0
341263,1834,69,0
341278,1775,69,0
341293,1719,69,0
341308,1648,69,0
341322,1485,69,0
341336,1474,69,0
341360,2199,69,0
341375,3893,69,0
341389,4095,69,0
341403,1241,69,0
341418,1803,69,0
341432,1637,69,0
341446,1339,69,0
341467,1314,69,0
341514,1887,69,0
341529,2165,69,0
341543,1989,69,0
341557,1859,69,0
341573,2131,69,0
341588,2176,69,0
341602,1902,69,0
341616,1774,69,0
341637,1779,69,0
341652,2212,69,0
341667,1937,69,0
341682,1563,69,0
341698,1779,69,0
341713,1400,69,0
341727,1203,69,0
341748,1474,69,0
341763,1750,69,0
341778,2026,69,0
341794,1956,69,0
341809,2128,69,0
341824,2126,69,0
341839,1783,69,0
341854,1741,69,0
341868,1856,69,0
341888,2234,69,0
341904,1975,69,0
341918,1665,69,0
341932,1810,69,0
341946,1935,69,0
341961,2091,69,0
341977,1737,69,0
341993,1806,69,0
342013,1895,69,0
342028,1953,69,0
342042,2238,69,0
342057,2254,69,0
342072,2107,69,0
342090,1717,69,0
342105,1710,69,0
342120,2288,69,0
342135,2015,69,0
342149,1797,69,0
342163,1607,69,0
342185,1371,69,0
342200,1826,69,0
342214,1782,69,0
342236,1677,69,0
342250,1845,69,0
342264,2157,69,0
342281,2451,69,0
342296,4095,69,0
342311,3347,69,0
342325,1394,69,0
342340,1833,69,0
342355,1517,69,0
342369,1279,69,0
342386,1149,69,0
342405,1678,69,0
342420,1904,69,0
342435,1654,69,0
342449,2047,69,0
342465,2224,69,0
342480,2363,69,0
342495,2341,69,0
342510,2322,69,0
342526,2234,69,0
342543,2559,69,0
342558,2269,69,0
342572,2246,69,0
342589,2064,69,0
342606,1755,69,0
342620,1744,69,0
342634,1526,69,0
342649,1531,69,0
342664,1829,69,0
342678,1677,69,0
342692,1461,69,0
342714,1884,69,0
342729,1875,69,0
342743,1793,69,0
342758,1903,69,0
342773,1716,69,0
342787,1687,69,0
342808,1507,69,0
342823,1658,69,0
342837,1931,69,0
342856,1534,69,0
342871,1598,69,0
342885,1984,69,0
342899,1712,69,0
342916,1998,69,0
342931,1689,69,0
342945,1728,69,0
342959,1919,69,0
342983,1778,69,0
342999,1627,69,0
343014,2032,69,0
343028,1842,69,0
343046,2022,69,0
343062,2144,69,0
343076,1999,69,0
343090,2146,69,0
343106,3568,69,0
343121,4095,69,0
343135,1664,69,0
343149,1139,69,0
343174,1450,69,0
343189,1366,69,0
343203,1664,69,0
343219,1478,69,0
343234,1802,69,0
343248,1697,69,0
343263,1933,69,0
343283,2122,69,0
343298,2160,69,0
343313,2505,69,0
343328,2212,69,0
343343,2361,69,0
343357,2067,69,0
343371,1904,69,0
343385,1904,69,0
343408,1488,69,0
343423,1591,69,0
343437,1521,69,0
343452,1473,69,0
343467,1570,69,0
343481,1535,69,0
343495,1694,69,0
343511,1781,69,0
343526,1947,69,0
343540,1481,69,0
343554,1525,69,0
343578,1694,69,0
343593,1727,69,0
343615,1821,69,0
343630,1859,69,0
343644,2019,69,0
343658,1929,69,0
343672,1881,69,0
343687,1711,69,0
343701,1515,69,0
343717,1655,69,0
343737,1535,69,0
343752,1618,69,0
343767,2031,69,0
343782,2160,69,0
343797,2259,69,0
343812,2517,69,0
343832,2105,69,0
343847,1870,69,0
343861,2057,69,0
343875,1808,69,0
343890,1934,69,0
343905,1967,69,0
343920,1886,69,0
343937,2763,69,0
343952,4095,68,0
343966,2114,68,0
343980,1006,68,0
343995,1365,68,0
344010,1455,68,0
344025,1622,68,0
344040,1651,68,0
344054,1905,68,0
344073,2012,68,0
344088,2062,68,0
344102,2111,68,0
344125,2057,68,0
344140,2101,68,0
344155,2140,68,0
344175,2229,68,0
344191,2182,68,0
344205,2269,68,0
344219,2243,68,0
344235,2135,68,0
344250,1664,68,0
344264,1072,68,0
344278,1114,68,0
344298,966,68,0
344313,1178,68,0
344329,1609,68,0
344345,1943,68,0
344360,2098,68,0
344374,2059,68,0
344392,1857,68,0
344407,2108,68,0
344421,2238,68,0
344441,2353,68,0
344456,2074,68,0
344470,1920,68,0
344484,1712,68,0
344505,1859,68,0
344519,2118,68,0
344534,1807,68,0
344557,1996,68,0
344571,1854,68,0
344585,1974,68,0
344600,1884,68,0
344615,2060,68,0
344629,1828,68,0
344650,1873,68,0
344666,2106,68,0
344680,2070,68,0
344694,1798,68,0
344708,1916,68,0
344723,2039,68,0
344741,1616,68,0
344756,1530,68,0
344774,2519,68,0
344789,4095,69,0
344804,1362,69,0
344820,1071,69,0
344835,1695,69,0
344850,1535,69,0
344866,1744,69,0
344882,1834,69,0
344896,1758,69,0
344910,1808,69,0
344925,1749,69,0
344942,1958,69,0
344958,2147,69,0
344973,2028,69,0
344988,2001,69,0
345002,2113,69,0
345016,2077,69,0
345033,2257,69,0
345049,2015,69,0
345064,1919,69,0
345078,1926,69,0
345097,1573,69,0
345112,1530,69,0
345126,1346,69,0
345141,1555,69,0
345158,1503,69,0
345173,1621,69,0
345188,1567,69,0
345203,1669,69,0
345217,1941,69,0
345236,1962,69,0
345252,1769,69,0
345267,1442,69,0
345281,1777,69,0
345302,1760,69,0
345316,1922,69,0
345330,1680,69,0
345346,1840,69,0
345362,1819,69,0
345377,1803,69,0
345391,1898,69,0
345406,2025,69,0
345421,1813,69,0
345435,1535,69,0
345449,1350,69,0
345475,1394,69,0
345490,1707,69,0
345504,1925,69,0
345518,1841,69,0
345534,1712,69,0
345549,1397,69,0
345567,2485,69,0
345587,4095,71,0
345631,1677,71,0
345647,1789,71,0
345663,1937,71,0
345678,1883,71,0
345693,2032,71,0
345708,1952,71,0
345722,1840,71,0
345744,2032,71,0
345762,2062,71,0
345777,1953,71,0
345792,2215,71,0
345809,2376,71,0
345824,2128,71,0
345838,2007,71,0
345852,1893,71,0
345878,1566,71,0
345893,1414,71,0
345913,1277,71,0
345928,1460,71,0
345942,1459,71,0
345956,1712,71,0
345971,1798,71,0
345987,1680,71,0
346002,1657,71,0
346016,1599,71,0
346038,1683,71,0
346053,1630,71,0
346070,1697,71,0
346085,1815,71,0
346100,1755,71,0
346114,1653,71,0
346128,1407,71,0
346152,1462,71,0
346167,1573,71,0
346183,2016,71,0
346198,2255,71,0
346213,2190,71,0
346227,1906,71,0
346242,2109,71,0
346257,2078,71,0
346271,2045,71,0
346290,1870,71,0
346305,2047,71,0
346320,1708,71,0
346334,1486,71,0
346348,1605,71,0
346368,2366,71,0
346385,4095,73,0
346399,2151,73,0
346414,1414,73,0
346429,1762,73,0
346444,1712,73,0
346458,1773,73,0
346474,1836,73,0
346490,1912,73,0
346505,1917,73,0
346519,1841,73,0
346540,1747,73,0
346555,1962,73,0
346570,2105,73,0
346589,2155,73,0
346604,2479,73,0
346618,2448,73,0
346632,2512,73,0
346647,2501,73,0
346662,2481,73,0
346677,2160,73,0
346692,1767,73,0
346706,1584,73,0
346721,1695,73,0
346735,1519,73,0
346749,1119,73,0
346773,1181,73,0
346788,1523,73,0
346803,1860,73,0
346817,1840,73,0
346833,1857,73,0
346847,1573,73,0
346861,1563,73,0
346882,1340,73,0
346897,1670,73,0
346913,1758,73,0
346928,2039,73,0
346943,1958,73,0
346957,1971,73,0
346971,1747,73,0
346986,1908,73,0
347002,1977,73,0
347017,1804,73,0
347032,1686,73,0
347053,1521,73,0
347068,1694,73,0
347082,2119,73,0
347099,2161,73,0
347115,2355,73,0
347130,2144,73,0
347144,1994,73,0
347159,2176,73,0
347174,2240,73,0
347190,1700,73,0
347206,1492,73,0
347227,1767,73,0
347242,2758,73,0
347256,4095,72,0
347270,1786,72,0
347285,1318,72,0
347301,1930,72,0
347316,1530,72,0
347340,1616,72,0
347355,1819,72,0
347369,1791,72,0
347384,1727,72,0
347401,1888,72,0
347416,2190,72,0
347432,2300,72,0
347447,2256,72,0
347462,2137,72,0
347476,1797,72,0
347490,1841,72,0
347514,2352,72,0
347529,2053,72,0
347543,2187,72,0
347558,1729,72,0
347573,1681,72,0
347587,1352,72,0
347601,1516,72,0
347616,1736,72,0
347631,1459,72,0
347645,1405,72,0
347659,1201,72,0
347683,1515,72,0
347698,1694,72,0
347712,1869,72,0
347728,1865,72,0
347743,1856,72,0
347757,1799,72,0
347772,1851,72,0
347787,1925,72,0
347801,2206,72,0
347822,2160,72,0
347838,2063,72,0
347853,1658,72,0
347873,1936,72,0
347888,1729,72,0
347902,1638,72,0
347917,1922,72,0
347932,1785,72,0
347947,1712,72,0
347961,1875,72,0
347980,1747,72,0
347995,1831,72,0
348009,1799,72,0
348024,1999,72,0
348045,1808,72,0
348060,1812,72,0
348074,1712,72,0
348089,1793,72,0
348104,1853,72,0
348120,2011,72,0
348137,1946,72,0
348153,2919,72,0
348167,4095,71,0
348181,2147,71,0
348196,1115,71,0
348211,1827,71,0
348226,1652,71,0
348241,1666,71,0
348256,1896,71,0
348271,1719,71,0
348285,1183,71,0
348299,1403,71,0
348323,1399,71,0
348338,1710,71,0
348357,1645,71,0
348373,2179,71,0
348388,2229,71,0
348402,2248,71,0
348419,2467,71,0
348434,2496,71,0
348449,2189,71,0
348463,1750,71,0
348487,1055,71,0
348502,1319,71,0
348516,1529,71,0
348531,1573,71,0
348546,1480,71,0
348560,1822,71,0
348581,1889,71,0
348596,1936,71,0
348610,2044,71,0
348624,2119,71,0
348639,2117,71,0
348654,1936,71,0
348668,1687,71,0
348682,1530,71,0
348703,1381,71,0
348718,1821,71,0
348732,1717,71,0
348748,1746,71,0
348764,1584,71,0
348779,1909,71,0
348793,1706,71,0
348818,1887,71,0
348835,1881,71,0
348850,1765,71,0
348864,1967,71,0
348879,2150,71,0
348893,1940,71,0
348907,1813,71,0
348927,1648,71,0
348943,2061,71,0
348958,3713,72,0
348973,4095,72,0
348988,2141,72,0
349002,1653,72,0
349016,2033,72,0
349033,1883,72,0
349050,1958,72,0
349065,1857,72,0
349079,1909,72,0
349104,1646,72,0
349119,2021,72,0
349142,2060,72,0
349158,2042,72,0
349172,2195,72,0
349186,2150,72,0
349201,2223,72,0
349216,2300,72,0
349230,2246,72,0
349250,2254,72,0
349265,2000,72,0
349280,1600,72,0
349294,1987,72,0
349311,1620,72,0
349326,1872,72,0
349340,1955,72,0
349359,1713,72,0
349374,1787,72,0
349388,1846,72,0
349402,2083,72,0
349417,1921,72,0
349432,1983,72,0
349451,1594,72,0
349466,1467,72,0
349484,1834,72,0
349499,2062,72,0
349516,1920,72,0
349532,2252,72,0
349547,2065,72,0
349564,2059,72,0
349579,2114,72,0
349594,2139,72,0
349609,1872,72,0
349623,1390,72,0
349637,1248,72,0
349657,1168,72,0
349672,1450,72,0
349687,1981,72,0
349701,1883,72,0
349717,2146,72,0
349732,3358,72,0
349747,4095,72,0
349774,1125,72,0
349789,1644,72,0
349803,1797,72,0
349818,2006,72,0
349833,2087,72,0
349847,2175,72,0
349862,1939,72,0
349880,2069,72,0
349895,2338,72,0
349909,2011,72,0
349924,2202,72,0
349947,2166,72,0
349963,2288,72,0
349977,2259,72,0
349992,2349,72,0
350007,2261,72,0
350021,1909,72,0
350035,1808,72,0
350049,1271,72,0
350073,1072,72,0
350088,1472,72,0
350102,1421,72,0
350117,1677,72,0
350132,1712,72,0
350147,1799,72,0
350162,1936,72,0
350179,1817,72,0
350194,1765,72,0
350208,1776,72,0
350222,2055,72,0
350237,1672,72,0
350252,1708,72,0
350276,1424,72,0
350292,1462,72,0
350306,1920,72,0
350326,1792,72,0
350341,1932,72,0
350355,2039,72,0
350375,1875,72,0
350391,1887,72,0
350405,1721,72,0
350419,1616,72,0
350434,1748,72,0
350449,2073,72,0
350463,1535,72,0
350481,1425,72,0
350497,1786,72,0
350512,3085,72,0
350526,4095,72,0
350541,1488,72,0
350556,1728,72,0
350570,1802,72,0
350586,1686,72,0
350601,2085,72,0
350615,1808,72,0
350629,1521,72,0
350644,1722,72,0
350659,1909,72,0
350673,1807,72,0
350693,2072,72,0
350708,2029,72,0
350723,1761,72,0
350737,1819,72,0
350751,1664,72,0
350771,1791,72,0
350788,2019,72,0
350802,1951,72,0
350817,1923,72,0
350832,1889,72,0
350846,1759,72,0
350860,1677,72,0
350877,1780,72,0
350893,1745,72,0
350908,1366,72,0
350922,1344,72,0
350944,1345,72,0
350959,1713,72,0
350974,1739,72,0
350990,1708,72,0
351006,1954,72,0
351021,1812,72,0
351035,1928,72,0
351051,1906,72,0
351067,1904,72,0
351082,1764,72,0
351096,2039,72,0
351112,1962,72,0
351127,1793,72,0
351141,1674,72,0
351155,1753,72,0
351178,1667,72,0
351193,1700,72,0
351209,1819,72,0
351227,1871,72,0
351242,1883,72,0
351256,1938,72,0
351270,1977,72,0
351285,1955,72,0
351301,1955,72,0
351316,2225,72,0
351331,3583,73,0
351346,4095,73,0
351360,1190,73,0
351374,1303,73,0
351388,1373,73,0
351412,1518,73,0
351427,1472,73,0
351441,1575,73,0
351455,1883,73,0
351470,1989,73,0
351485,1569,73,0
351504,1515,73,0
351520,1901,73,0
351534,2266,73,0
351548,2171,73,0
351562,2252,73,0
351577,2502,73,0
351593,1972,73,0
351609,1934,73,0
351624,2158,73,0
351638,1966,73,0
351658,1707,73,0
351673,1499,73,0
351687,1662,73,0
351702,1898,73,0
351716,1836,73,0
351731,1670,73,0
351745,1376,73,0
351759,1604,73,0
351780,1467,73,0
351795,1765,73,0
351810,1866,73,0
351826,1619,73,0
351841,1869,73,0
351855,2016,73,0
351869,2007,73,0
351893,2256,73,0
351908,2121,73,0
351927,1953,73,0
351943,1999,73,0
351957,2145,73,0
351971,2160,73,0
351986,1910,73,0
352001,1895,73,0
352017,1723,73,0
352032,1791,73,0
352056,1567,73,0
352071,1741,73,0
352086,2016,73,0
352102,2128,73,0
352119,2059,73,0
352134,1953,73,0
352148,3139,75,0
352170,1895,75,0
352201,2015,75,0
352219,1831,75,0
352235,1925,75,0
352250,2135,75,0
352264,1814,75,0
352285,1891,75,0
352299,1647,75,0
352316,1906,75,0
352338,2027,75,0
352352,2213,75,0
352366,2224,75,0
352381,2299,75,0
352396,2448,75,0
352411,2417,75,0
352425,2353,75,0
352441,2191,75,0
352456,2064,75,0
352470,1750,75,0
352487,1768,75,0
352502,1730,75,0
352516,1498,75,0
352530,1633,75,0
352546,1502,75,0
352562,1965,75,0
352577,2088,75,0
352591,1898,75,0
352611,1726,75,0
352627,2046,75,0
352643,1919,75,0
352657,1783,75,0
352672,1820,75,0
352686,1869,75,0
352700,1535,75,0
352714,1274,75,0
352736,1350,75,0
352751,1783,75,0
352765,1827,75,0
352779,1894,75,0
352794,2110,75,0
352809,1770,75,0
352823,1392,75,0
352848,1991,75,0
352863,1872,75,0
352877,1885,75,0
352893,1926,75,0
352908,2125,75,0
352922,2095,75,0
352943,1908,75,0
352959,1937,75,0
352974,1936,75,0
352993,1878,75,0
353008,1987,75,0
353023,1900,75,0
353039,2034,75,0
353055,3314,73,0
353070,4095,73,0
353085,1207,73,0
353099,1162,73,0
353120,1392,73,0
353136,1682,73,0
353151,1802,73,0
353170,1919,73,0
353185,1791,73,0
353199,1779,73,0
353213,1746,73,0
353228,1913,73,0
353245,1843,73,0
353260,1843,73,0
353274,1555,73,0
353295,1331,73,0
353310,1732,73,0
353325,1872,73,0
353341,1684,73,0
353356,1756,73,0
353370,1584,73,0
353384,1379,73,0
353399,1152,73,0
353414,1439,73,0
353428,1390,73,0
353442,1415,73,0
353458,1708,73,0
353473,1658,73,0
353487,1335,73,0
353501,1164,73,0
353522,1048,73,0
353537,1351,73,0
353554,1507,73,0
353570,1887,73,0
353586,1696,73,0
353600,1799,73,0
353614,1570,73,0
353628,1911,73,0
353643,1929,73,0
353670,1789,73,0
353685,1744,73,0
353699,1861,73,0
353714,1910,73,0
353729,1831,73,0
353743,1842,73,0
353762,1901,73,0
353778,1626,73,0
353792,1871,73,0
353806,1743,73,0
353821,1775,73,0
353835,1952,73,0
353855,1503,73,0
353871,1596,73,0
353886,2442,73,0
353900,4095,72,0
353915,2153,72,0
353930,1119,72,0
353945,1583,72,0
353960,1712,72,0
353975,1531,72,0
353990,1734,72,0
354004,1345,72,0
354019,1645,72,0
354040,1394,72,0
354057,1710,72,0
354072,1663,72,0
354088,1933,72,0
354103,2046,72,0
354117,2199,72,0
354131,2459,72,0
354145,2315,72,0
354161,2331,72,0
354176,2097,72,0
354190,1520,72,0
354212,1626,72,0
354227,1810,72,0
354241,1706,72,0
354257,1687,72,0
354277,1777,72,0
354291,1884,72,0
354305,1965,72,0
354320,1854,72,0
354335,2037,72,0
354349,1882,72,0
354366,1522,72,0
354388,1958,72,0
354403,2034,72,0
354417,2173,72,0
354432,1987,72,0
354447,2141,72,0
354461,1904,72,0
354476,1958,72,0
354492,1987,72,0
354507,2160,72,0
354521,1840,72,0
354535,1601,72,0
354556,1729,72,0
354575,1920,72,0
354590,2180,72,0
354605,2099,72,0
354620,2220,72,0
354634,2153,72,0
354649,2122,72,0
354665,1935,72,0
354681,1926,72,0
354695,2000,72,0
354709,2159,72,0
354724,1977,72,0
354738,2077,72,0
354752,3760,70,0
354773,1371,70,0
354789,1439,70,0
354803,1694,70,0
354823,1722,70,0
354838,1720,70,0
354852,2115,70,0
354866,1882,70,0
354883,1982,70,0
354898,1888,70,0
354912,1706,70,0
354926,1772,70,0
354947,1603,70,0
354962,2027,70,0
354978,1953,70,0
354994,2202,70,0
355009,2460,70,0
355024,2322,70,0
355039,2160,70,0
355055,2167,70,0
355069,1734,70,0
355084,1482,70,0
355099,1554,70,0
355114,1606,70,0
355128,1373,70,0
355142,1517,70,0
355163,1366,70,0
355179,1911,70,0
355196,1794,70,0
355212,1986,70,0
355227,2001,70,0
355241,1926,70,0
355255,2112,70,0
355271,2053,70,0
355287,2058,70,0
355302,1808,70,0
355316,1694,70,0
355338,1584,70,0
355353,1866,70,0
355367,1792,70,0
355384,1727,70,0
355403,1889,70,0
355417,1809,70,0
355431,2027,70,0
355445,1830,70,0
355460,1817,70,0
355474,1535,70,0
355498,1488,70,0
355514,2082,70,0
355529,2077,70,0
355543,1876,70,0
355557,1786,70,0
355572,1776,70,0
355586,1582,70,0
355601,1520,70,0
355626,1648,70,0
355641,1789,70,0
355655,1888,70,0
355670,3462,69,0
355684,4095,69,0
355699,1139,69,0
355714,1382,69,0
355736,1648,69,0
355751,1640,69,0
355765,1991,69,0
355780,2227,69,0
355797,1846,69,0
355812,2062,69,0
355826,1771,69,0
355841,2019,69,0
355856,2067,69,0
355870,2000,69,0
355884,2011,69,0
355905,1986,69,0
355920,2129,69,0
355934,2463,69,0
355949,2257,69,0
355964,2414,69,0
355978,2175,69,0
355993,1895,69,0
356010,1630,69,0
356025,1594,69,0
356039,1524,69,0
356053,1575,69,0
356074,1526,69,0
356089,1778,69,0
356104,1839,69,0
356120,1868,69,0
356135,2214,69,0
356149,2138,69,0
356163,1893,69,0
356177,1904,69,0
356192,1938,69,0
356215,1650,69,0
356231,1876,69,0
356246,1968,69,0
356260,1911,69,0
356275,1846,69,0
356290,1986,69,0
356304,2099,69,0
356320,1840,69,0
356335,1988,69,0
356350,2247,69,0
356364,2123,69,0
356378,2107,69,0
356393,1856,69,0
356407,1833,69,0
356433,1808,69,0
356448,2143,69,0
356462,2129,69,0
356477,2002,69,0
356492,2025,69,0
356506,1855,69,0
356522,2077,69,0
356537,1994,69,0
356552,1728,69,0
356566,1631,69,0
356580,1600,69,0
356601,1879,69,0
356619,4095,67,0
356634,1898,67,0
356654,1774,67,0
356669,1999,67,0
356683,1569,67,0
356698,2030,67,0
356713,1841,67,0
356729,1699,67,0
356744,1760,67,0
356758,1846,67,0
356772,2045,67,0
356786,2101,67,0
356801,2237,67,0
356815,1771,67,0
356831,1990,67,0
356853,2121,67,0
356868,2375,67,0
356882,2225,67,0
356896,2559,67,0
356912,2192,67,0
356928,1613,67,0
356943,1462,67,0
356968,1408,67,0
356983,1662,67,0
357002,1680,67,0
357019,1712,67,0
357033,1936,67,0
357048,1983,67,0
357063,2043,67,0
357078,1872,67,0
357092,1813,67,0
357106,1535,67,0
357131,1832,67,0
357146,2015,67,0
357160,1762,67,0
357174,1957,67,0
357188,1933,67,0
357203,2082,67,0
357217,1751,67,0
357239,1489,67,0
357254,1776,67,0
357268,1785,67,0
357283,1904,67,0
357298,2147,67,0
357312,2236,67,0
357326,2006,67,0
357342,2016,67,0
357357,1880,67,0
357371,1863,67,0
357385,1655,67,0
357406,1619,67,0
357421,2016,67,0
357438,1968,67,0
357454,3373,68,0
357469,4095,68,0
357483,1872,68,0
357501,1456,68,0
357516,1968,68,0
357530,1819,68,0
357545,1968,68,0
357567,1732,68,0
357582,2005,68,0
357596,1818,68,0
357611,2169,68,0
357626,1956,68,0
357649,1600,68,0
357665,2101,68,0
357679,1955,68,0
357693,1962,68,0
357708,2005,68,0
357723,2334,68,0
357737,2225,68,0
357754,1808,68,0
357770,1642,68,0
357785,1415,68,0
357799,1344,68,0
357813,1070,68,0
357834,1416,68,0
357850,1669,68,0
357865,1831,68,0
357880,1757,68,0
357895,1790,68,0
357909,1808,68,0
357925,1777,68,0
357941,1908,68,0
357957,1878,68,0
357972,1599,68,0
357986,1477,68,0
358010,1699,68,0
358025,1699,68,0
358045,1738,68,0
358064,1944,68,0
358078,2101,68,0
358092,2314,68,0
358106,2241,68,0
358121,1939,68,0
358135,1658,68,0
358154,1584,68,0
358176,1699,68,0
358191,1852,68,0
358205,1813,68,0
358220,1851,68,0
358235,3119,68,0
358249,4095,69,0
358264,2173,69,0
358279,1490,69,0
358294,1695,69,0
358308,1776,69,0
358322,1636,69,0
358344,1360,69,0
358360,1768,69,0
358376,1969,69,0
358391,1818,69,0
358406,1971,69,0
358420,1830,69,0
358434,2069,69,0
358448,2230,69,0
358464,2287,69,0
358479,1925,69,0
358493,2057,69,0
358513,1854,69,0
358528,2365,69,0
358542,1870,69,0
358562,1616,69,0
358577,1469,69,0
358592,1605,69,0
358606,1732,69,0
358623,1808,69,0
358638,1830,69,0
358652,1641,69,0
358667,1534,69,0
358690,1637,69,0
358705,1821,69,0
358719,1903,69,0
358734,1680,69,0
358749,2174,69,0
358763,1829,69,0
358781,1873,69,0
358796,1862,69,0
358810,2017,69,0
358824,1917,69,0
358839,2016,69,0
358854,2063,69,0
358873,1535,69,0
358889,1907,69,0
358904,2020,69,0
358918,1927,69,0
358932,1879,69,0
358947,1998,69,0
358962,1907,69,0
358985,1910,69,0
359001,2033,69,0
359016,3779,70,0
359030,3911,70,0
359044,1488,70,0
359059,1648,70,0
359076,1421,70,0
359091,1670,70,0
359113,1535,70,0
359128,1953,70,0
359142,1936,70,0
359157,2032,70,0
359171,2005,70,0
359190,1842,70,0
359205,1703,70,0
359226,1889,70,0
359241,2183,70,0
359255,2352,70,0
359278,2213,70,0
359293,2507,70,0
359308,2140,70,0
359322,1872,70,0
359337,1602,70,0
359352,1581,70,0
359366,1311,70,0
359383,1364,70,0
359406,1525,70,0
359421,1799,70,0
359435,1781,70,0
359450,1746,70,0
359465,1826,70,0
359479,1937,70,0
359496,1904,70,0
359513,1872,70,0
359528,1695,70,0
359542,1694,70,0
359556,1555,70,0
359576,1591,70,0
359593,1493,70,0
359608,1738,70,0
359624,1917,70,0
359639,1983,70,0
359653,2079,70,0
359668,1947,70,0
359683,1872,70,0
359699,1930,70,0
359714,1801,70,0
359729,1771,70,0
359743,1915,70,0
359759,1825,70,0
359774,2112,70,0
359791,4095,73,0
359806,2411,73,0
359820,1099,73,0
359835,1328,73,0
359850,1289,73,0
359864,1391,73,0
359884,1373,73,0
359901,1577,73,0
359918,1697,73,0
359934,1810,73,0
359949,1947,73,0
359963,1998,73,0
359977,1999,73,0
359992,2021,73,0
360019,1717,73,0
360034,2192,73,0
360048,2109,73,0
360068,2367,73,0
360084,2087,73,0
360100,1985,73,0
360116,1486,73,0
360132,1510,73,0
360146,1760,73,0
360160,1781,73,0
360175,1693,73,0
360190,1643,73,0
360205,1535,73,0
360221,1597,73,0
360236,1789,73,0
360251,1852,73,0
360271,1856,73,0
360287,1911,73,0
360303,1916,73,0
360318,1898,73,0
360333,1930,73,0
360348,1791,73,0
360362,1689,73,0
360376,1670,73,0
360396,1603,73,0
360411,1823,73,0
360427,1778,73,0
360444,1948,73,0
360459,1633,73,0
360473,1919,73,0
360492,1803,73,0
360508,2102,73,0
360523,1674,73,0
360537,2192,73,0
360551,4095,76,0
360566,2860,76,0
360580,1127,76,0
360595,1242,76,0
360617,1424,76,0
360633,1553,76,0
360647,2086,76,0
360663,1866,76,0
360678,1870,76,0
360693,1762,76,0
360707,1878,76,0
360723,1983,76,0
360738,2010,76,0
360752,1922,76,0
360766,1808,76,0
360792,2180,76,0
360807,2335,76,0
360822,2224,76,0
360838,2347,76,0
360853,1873,76,0
360867,1687,76,0
360883,1457,76,0
360899,1520,76,0
360920,1472,76,0
360937,1627,76,0
360952,1600,76,0
360966,1764,76,0
360980,1805,76,0
361001,1818,76,0
361015,1941,76,0
361034,2034,76,0
361050,1910,76,0
361064,2116,76,0
361082,2083,76,0
361097,1925,76,0
361111,1936,76,0
361128,1811,76,0
361145,1925,76,0
361160,1839,76,0
361174,1890,76,0
361189,2032,76,0
361204,1856,76,0
361218,1677,76,0
361234,1519,76,0
361256,1777,76,0
361271,1809,76,0
361285,1902,76,0
361300,1919,76,0
361315,2250,76,0
361330,3413,77,0
361348,2245,77,0
361363,1063,77,0
361377,1764,77,0
361391,1968,77,0
361406,1861,77,0
361423,1805,77,0
361439,1669,77,0
361455,1824,77,0
361470,2096,77,0
361484,2171,77,0
361503,1903,77,0
361519,2026,77,0
361534,1995,77,0
361549,2094,77,0
361564,2256,77,0
361579,2189,77,0
361593,1968,77,0
361608,2110,77,0
361629,1616,77,0
361646,1418,77,0
361661,1275,77,0
361677,1535,77,0
361692,1516,77,0
361706,1635,77,0
361720,1712,77,0
361737,1876,77,0
361752,1841,77,0
361766,1651,77,0
361780,1686,77,0
361805,1819,77,0
361820,1834,77,0
361834,1886,77,0
361857,1878,77,0
361872,1973,77,0
361887,2165,77,0
361906,1999,77,0
361922,2219,77,0
361937,2160,77,0
361954,1920,77,0
361970,2112,77,0
361984,1908,77,0
361998,1778,77,0
362012,1396,77,0
362033,1350,77,0
362050,1488,77,0
362065,1750,77,0
362081,1998,77,0
362096,2032,77,0
362110,1996,77,0
362124,2807,77,0
362139,4095,77,0
362154,1778,77,0
362169,1616,77,0
362183,1744,77,0
362208,1412,77,0
362223,1775,77,0
362237,1713,77,0
362259,1941,77,0
362274,1850,77,0
362288,2062,77,0
362303,2207,77,0
362318,2138,77,0
362332,1854,77,0
362352,1758,77,0
362375,2095,77,0
362390,2197,77,0
362409,2119,77,0
362424,2046,77,0
362438,1949,77,0
362459,1682,77,0
362476,1837,77,0
362491,1633,77,0
362511,1829,77,0
362526,1920,77,0
362540,1908,77,0
362556,1799,77,0
362572,1947,77,0
362587,1831,77,0
362602,1601,77,0
362616,1153,77,0
362640,1424,77,0
362658,1745,77,0
362675,1663,77,0
362690,1701,77,0
362704,1838,77,0
362718,1680,77,0
362732,1839,77,0
362747,1935,77,0
362762,1695,77,0
362778,1940,77,0
362800,2044,77,0
362815,1818,77,0
362829,1955,77,0
362844,1886,77,0
362859,1958,77,0
362877,1840,77,0
362892,1866,77,0
362907,3127,77,0
362922,4095,77,0
362936,1062,77,0
362950,912,77,0
362972,1392,77,0
362989,1643,77,0
363004,1717,77,0
363020,1932,77,0
363035,2028,77,0
363050,2125,77,0
363066,1954,77,0
363082,2153,77,0
363097,1991,77,0
363111,1831,77,0
363125,1670,77,0
363150,2090,77,0
363165,1931,77,0
363180,2192,77,0
363195,1962,77,0
363210,2074,77,0
363224,1836,77,0
363238,1600,77,0
363252,1598,77,0
363267,1754,77,0
363283,1594,77,0
363298,1535,77,0
363320,1935,77,0
363335,1966,77,0
363350,1963,77,0
363365,1980,77,0
363382,1850,77,0
363397,1847,77,0
363411,1485,77,0
363432,1718,77,0
363447,1872,77,0
363461,2007,77,0
363478,1996,77,0
363493,2031,77,0
363507,2268,77,0
363521,1970,77,0
363536,1813,77,0
363551,1708,77,0
363565,1646,77,0
363586,1945,77,0
363603,1931,77,0
363618,1834,77,0
363632,1904,77,0
363647,2081,77,0
363662,3578,77,0
363676,4095,77,0
363697,1391,77,0
363713,1518,77,0
363727,1733,77,0
363744,1680,77,0
363759,1862,77,0
363773,1812,77,0
363787,1758,77,0
363802,1797,77,0
363817,1843,77,0
363831,1722,77,0
363845,1661,77,0
363868,1712,77,0
363883,1913,77,0
363900,2237,77,0
363918,2122,77,0
363934,2385,77,0
363948,2222,77,0
363962,2056,77,0
363978,1762,77,0
363994,1556,77,0
364009,1575,77,0
364023,1808,77,0
364038,1677,77,0
364053,1717,77,0
364067,1437,77,0
364081,1346,77,0
364102,1556,77,0
364118,1634,77,0
364133,2014,77,0
364147,2001,77,0
364162,1860,77,0
364177,2032,77,0
364194,2082,77,0
364210,1984,77,0
364225,1993,77,0
364240,1904,77,0
364254,1949,77,0
364269,2235,77,0
364283,1936,77,0
364298,1698,77,0
364313,1452,77,0
364332,1844,77,0
364347,1776,77,0
364361,1870,77,0
364377,1872,77,0
364393,1966,77,0
364408,2030,77,0
364424,3344,77,0
364446,1715,77,0
364461,1166,77,0
364475,1698,77,0
364489,2000,77,0
364505,1841,77,0
364520,1885,77,0
364534,1638,77,0
364555,1498,77,0
364570,1815,77,0
364584,1934,77,0
364603,1964,77,0
364619,2142,77,0
364634,2277,77,0
364648,2301,77,0
364665,2310,77,0
364679,2195,77,0
364693,2155,77,0
364709,1892,77,0
364729,1600,77,0
364743,1501,77,0
364758,1482,77,0
364774,1498,77,0
364789,1840,77,0
364803,1792,77,0
364819,1930,77,0
364834,1911,77,0
364849,1888,77,0
364864,1860,77,0
364878,1388,77,0
364900,1779,77,0
364916,1654,77,0
364931,1818,77,0
364946,1838,77,0
364961,1841,77,0
364975,1798,77,0
364989,1773,77,0
365004,1873,77,0
365022,1824,77,0
365037,1815,77,0
365051,1763,77,0
365076,1930,77,0
365091,1808,77,0
365105,1767,77,0
365120,1984,77,0
365135,1937,77,0
365149,1895,77,0
365163,2046,77,0
365177,1811,77,0
365192,2112,77,0
365206,3837,77,0
365221,2992,77,0
365241,1392,77,0
365257,1858,77,0
365271,1648,77,0
365286,1623,77,0
365301,1966,77,0
365315,1743,77,0
365329,1974,77,0
365346,1829,77,0
365361,1840,77,0
365375,1643,77,0
365389,1590,77,0
365412,1811,77,0
365429,1947,77,0
365443,2236,77,0
365458,2297,77,0
365473,2207,77,0
365487,2301,77,0
365501,2273,77,0
365516,1911,77,0
365533,1591,77,0
365548,1482,77,0
365562,1562,77,0
365586,1554,77,0
365601,1639,77,0
365615,1979,77,0
365638,1915,77,0
365653,2099,77,0
365667,1920,77,0
365688,2019,77,0
365704,2095,77,0
365718,2021,77,0
365738,1954,77,0
365753,2055,77,0
365767,1994,77,0
365781,1878,77,0
365796,1742,77,0
365811,2023,77,0
365826,1869,77,0
365842,1683,77,0
365862,1785,77,0
365879,2000,77,0
365894,1750,77,0
365910,1769,77,0
365925,1730,77,0
365941,1891,77,0
365962,1984,77,0
365977,2601,77,0
365991,4095,77,0
366005,1873,77,0
366021,1565,77,0
366039,1596,77,0
366054,1726,77,0
366075,1667,77,0
366091,1862,77,0
366106,1803,77,0
366120,1651,77,0
366135,1699,77,0
366153,1806,77,0
366168,1705,77,0
366183,1862,77,0
366198,1904,77,0
366213,1639,77,0
366227,1520,77,0
366244,1395,77,0
366264,1615,77,0
366282,1575,77,0
366299,1391,77,0
366314,1476,77,0
366328,1393,77,0
366345,1681,77,0
366360,1791,77,0
366374,1626,77,0
366397,1616,77,0
366412,1737,77,0
366426,1729,77,0
366440,1744,77,0
366455,1759,77,0
366470,1706,77,0
366484,1635,77,0
366498,1349,77,0
366522,1352,77,0
366537,1409,77,0
366551,1716,77,0
366567,1820,77,0
366582,1686,77,0
366596,1780,77,0
366610,1492,77,0
366635,1851,77,0
366651,1994,77,0
366666,1907,77,0
366681,2155,77,0
366696,2017,77,0
366710,1719,77,0
366724,1568,77,0
366744,1714,77,0
366760,2096,77,0
366775,1872,77,0
366790,2245,77,0
366805,2962,77,0
366819,4095,77,0
366833,2309,77,0
366849,1639,77,0
366866,2160,77,0
366881,1786,77,0
366895,1600,77,0
366920,1628,77,0
366935,2039,77,0
366958,2192,77,0
366973,2256,77,0
366988,2363,77,0
367002,2503,77,0
367016,2441,77,0
367031,2336,77,0
367045,2192,77,0
367062,2128,77,0
367088,2253,77,0
367104,2401,77,0
367118,2019,77,0
367132,2003,77,0
367147,1786,77,0
367166,1495,77,0
367181,1827,77,0
367200,2036,77,0
367221,2101,77,0
367240,2060,77,0
367255,2230,77,0
367270,2157,77,0
367285,2237,77,0
367300,1987,77,0
367314,2000,77,0
367328,1461,77,0
367342,1934,77,0
367364,2320,77,0
367381,2166,77,0
367396,2081,77,0
367411,2171,77,0
367426,2286,77,0
367440,2245,77,0
367456,2082,77,0
367473,2187,77,0
367488,2355,77,0
367502,2304,77,0
367518,2446,77,0
367533,2201,77,0
367547,2096,77,0
367561,2391,77,0
367576,2153,77,0
367592,2110,77,0
367607,2143,77,0
367621,1743,77,0
367642,1840,77,0
367657,2064,77,0
367671,2367,77,0
367689,3063,74,0
367704,4095,74,0
367719,1638,74,0
367733,1637,74,0
367758,1975,74,0
367773,1987,74,0
367791,2085,74,0
367807,2144,74,0
367821,2259,74,0
367835,2139,74,0
367849,2192,74,0
367865,2128,74,0
367883,1989,74,0
367898,2277,74,0
367917,2150,74,0
367934,2356,74,0
367948,2199,74,0
367963,2210,74,0
367978,2384,74,0
367993,2176,74,0
368009,1664,74,0
368025,1701,74,0
368040,1446,74,0
368054,1523,74,0
368068,1237,74,0
368093,1331,74,0
368108,1682,74,0
368122,1603,74,0
368137,1767,74,0
368152,1712,74,0
368167,1870,74,0
368181,1586,74,0
368198,1739,74,0
368213,1555,74,0
368227,1494,74,0
368241,1366,74,0
368263,1233,74,0
368278,1739,74,0
368292,1869,74,0
368308,1467,74,0
368323,1958,74,0
368337,2027,74,0
368351,1791,74,0
368366,1839,74,0
368381,1424,74,0
368396,1443,74,0
368411,1457,74,0
368430,1555,74,0
368445,1632,74,0
368460,1653,74,0
368475,1993,74,0
368494,3921,73,0
368509,2581,73,0
368523,1249,73,0
368537,1594,73,0
368552,1599,73,0
368566,1293,73,0
368580,1413,73,0
368603,1391,73,0
368618,1712,73,0
368632,1559,73,0
368648,1517,73,0
368664,1681,73,0
368678,1778,73,0
368692,2013,73,0
368708,1969,73,0
368723,2015,73,0
368737,1939,73,0
368751,1668,73,0
