ts,red_raw,ir_raw,led_current
26129,1435258,1711052,35
26144,1435215,1710923,35
26159,1435230,1710945,35
26173,1435217,1710942,35
26187,1435208,1710921,35
26202,1435215,1710882,35
26222,1435217,1710943,35
26237,1435181,1710929,35
26255,1435242,1711089,35
26270,1435262,1711107,35
26285,1435269,1711089,35
26299,1435264,1711112,35
26316,1435257,1711168,35
26331,1435300,1711384,35
26346,1435326,1711412,35
26361,1435343,1711415,35
26375,1435332,1711421,35
26389,1435368,1711418,35
26406,1435334,1711400,35
26421,1435370,1711423,35
26436,1435398,1711506,35
26450,1435385,1711504,35
26471,1435366,1711528,35
26486,1435366,1711532,35
26500,1435385,1711522,35
26516,1435386,1711537,35
26532,1435384,1711549,35
26546,1435310,1711391,35
26560,1435283,1711310,35
26580,1435246,1711227,35
26596,1435249,1711156,35
26611,1435221,1711132,35
26627,1435197,1711048,35
26643,1434883,1710306,35
26658,1434883,1710307,35
26672,1434902,1710316,35
26686,1434905,1710342,35
26701,1434895,1710311,35
26719,1434917,1710326,35
26734,1435019,1710685,35
26748,1435053,1710697,35
26765,1434993,1710668,35
26780,1435034,1710681,35
26794,1435019,1710719,35
26809,1435041,1710693,35
26831,1435018,1710705,35
26846,1435057,1710812,35
26861,1435045,1710775,35
26875,1435046,1710773,35
26890,1435051,1710747,35
26905,1435035,1710758,35
26919,1435030,1710720,35
26945,1434945,1710692,35
26960,1435061,1710707,35
26974,1435023,1710712,35
26988,1435013,1710715,35
27004,1435015,1710709,35
27019,1435024,1710737,35
27035,1435110,1711002,35
27054,1435078,1711003,35
27069,1435109,1711023,35
27083,1435126,1711031,35
27104,1435101,1711013,35
27120,1435118,1711031,35
27135,1435120,1711063,35
27150,1435195,1711220,35
27166,1435178,1711229,35
27181,1435184,1711223,35
27195,1435160,1711265,35
27210,1435194,1711219,35
27232,1435199,1711309,35
27247,1435198,1711296,35
27261,1435215,1711310,35
27276,1435202,1711314,35
27291,1435204,1711339,35
27305,1435193,1711320,35
27319,1435231,1711362,35
27343,1435047,1710874,35
27358,1434991,1710811,35
27372,1434966,1710723,35
27386,1434956,1710682,35
27401,1434946,1710624,35
27415,1434884,1710581,35
27429,1434897,1710478,35
27445,1434743,1710169,35
27461,1434760,1710134,35
27475,1434733,1710170,35
27489,1434760,1710155,35
27503,1434742,1710172,35
27519,1434803,1710192,35
27533,1434885,1710470,35
27548,1434873,1710469,35
27564,1434835,1710470,35
27578,1434892,1710487,35
27592,1434887,1710487,35
27613,1434870,1710493,35
27628,1434870,1710450,35
27642,1434866,1710510,35
27657,1434879,1710508,35
27672,1434854,1710497,35
27686,1434854,1710501,35
27700,1434815,1710478,35
27720,1434830,1710448,35
27735,1434837,1710466,35
27749,1434869,1710473,35
27765,1434868,1710466,35
27781,1434866,1710451,35
27796,1434831,1710489,35
27810,1434868,1710483,35
27824,1434935,1710689,35
27840,1434912,1710675,35
27858,1434913,1710701,35
27873,1434927,1710708,35
27893,1434926,1710732,35
27909,1434938,1710718,35
27924,1434953,1710844,35
27940,1434968,1710855,35
27955,1434946,1710809,35
27970,1434971,1710831,35
27985,1434966,1710830,35
28001,1434952,1710830,35
28016,1434952,1710815,35
28031,1434973,1710924,35
28046,1434970,1710860,35
28063,1434996,1710948,35
28078,1434961,1710912,35
28092,1434975,1710935,35
28111,1434771,1710441,35
28126,1434782,1710394,35
28140,1434757,1710373,35
28161,1434758,1710299,35
28177,1434730,1710216,35
28191,1434693,1710154,35
28210,1434692,1710132,35
28226,1434575,1709879,35
28241,1434616,1709922,35
28261,1434595,1709921,35
28276,1434608,1709935,35
28291,1434579,1709942,35
28305,1434585,1709964,35
28319,1434664,1710209,35
28334,1434682,1710251,35
28348,1434676,1710189,35
28366,1434687,1710261,35
28382,1434689,1710257,35
28396,1434694,1710258,35
28410,1434694,1710258,35
28424,1434659,1710128,35
28439,1434632,1710132,35
28453,1434640,1710130,35
28469,1434629,1710120,35
28484,1434670,1710100,35
28499,1434613,1710115,35
28513,1434674,1710195,35
28528,1434609,1710215,35
28543,1434688,1710199,35
28557,1434657,1710225,35
28572,1434662,1710235,35
28587,1434670,1710225,35
28602,1434667,1710253,35
28617,1434657,1710294,35
28631,1434796,1710534,35
28651,1434774,1710529,35
28667,1434808,1710516,35
28682,1434765,1710560,35
28696,1434787,1710591,35
28711,1434814,1710649,35
28726,1434825,1710660,35
28740,1434832,1710682,35
28755,1434817,1710673,35
28773,1434822,1710670,35
28788,1434813,1710694,35
28802,1434826,1710715,35
28816,1434823,1710724,35
28837,1434782,1710683,35
28852,1434797,1710654,35
28868,1434787,1710611,35
28884,1434779,1710595,35
28899,1434766,1710526,35
28913,1434749,1710504,35
28927,1434375,1709501,40
28947,1434389,1709517,40
28962,1450241,1728634,40
28984,1715087,1992930,40
29000,1715085,1992964,40
29014,1715092,1992965,40
29032,1715249,1993399,40
29048,1715247,1993398,40
29062,1715273,1993407,40
29082,1715265,1993395,40
29098,1715251,1993410,40
29113,1715301,1993584,40
29131,1715329,1993583,40
29146,1715285,1993574,40
29161,1715306,1993571,40
29182,1715274,1993541,40
29198,1715275,1993537,40
29213,1715214,1993419,40
29227,1715271,1993345,40
29247,1715228,1993387,40
29262,1715213,1993392,40
29276,1715218,1993428,40
29299,1715236,1993431,40
29314,1715346,1993756,40
29333,1715388,1993787,40
29349,1715378,1993785,40
29363,1715374,1993823,40
29377,1715361,1993818,40
29392,1715352,1993820,40
29407,1715389,1993831,40
29422,1715455,1994064,40
29436,1715452,1994055,40
29452,1715423,1994094,40
29467,1715433,1994084,40
29491,1715459,1994104,40
29507,1715469,1994100,40
29521,1715496,1994224,40
29535,1715498,1994225,40
29549,1715482,1994234,40
29564,1715520,1994253,40
29579,1715499,1994241,40
29595,1715505,1994253,40
29610,1715087,1993215,40
29624,1715095,1993179,40
29640,1715080,1993095,40
29656,1715033,1993060,40
29670,1715012,1992969,40
29684,1714961,1992930,40
29699,1714981,1992870,40
29714,1714968,1992902,40
29728,1714967,1992903,40
29742,1714955,1992918,40
29763,1715007,1992953,40
29778,1715006,1992966,40
29792,1715016,1992989,40
29808,1715118,1993182,40
29823,1715057,1993206,40
29838,1715070,1993190,40
29853,1715078,1993217,40
29868,1715054,1993223,40
29883,1715091,1993194,40
29900,1715073,1993218,40
29915,1715044,1993145,40
29933,1715046,1993145,40
29948,1715044,1993129,40
29962,1715024,1993133,40
29977,1715026,1993143,40
29992,1714988,1993113,40
30009,1715034,1993263,40
30025,1715056,1993247,40
30040,1715078,1993306,40
30055,1715053,1993258,40
30069,1715076,1993271,40
30083,1715061,1993279,40
30107,1715069,1993235,40
30122,1715183,1993597,40
30141,1715211,1993590,40
30157,1715190,1993620,40
30171,1715171,1993601,40
30185,1715187,1993639,40
30207,1715222,1993779,40
30222,1715291,1993772,40
30236,1715236,1993777,40
30251,1715225,1993791,40
30266,1715253,1993795,40
30281,1715234,1993773,40
30295,1715251,1993771,40
30310,1715266,1993908,40
30325,1715282,1993925,40
30339,1715283,1993968,40
30353,1715249,1993921,40
30376,1715284,1993932,40
30391,1715301,1993944,40
30405,1715279,1993890,40
30427,1714883,1992941,40
30442,1714844,1992863,40
30456,1714854,1992815,40
30470,1714823,1992762,40
30486,1714769,1992720,40
30501,1714798,1992689,40
30518,1714770,1992557,40
30533,1714790,1992608,40
30548,1714752,1992599,40
30562,1714769,1992632,40
30576,1714759,1992628,40
30600,1714832,1992693,40
30615,1714873,1992834,40
30630,1714820,1992821,40
30646,1714840,1992847,40
30661,1714830,1992919,40
30675,1714822,1992867,40
30690,1714841,1992876,40
30705,1714779,1992802,40
30721,1714804,1992766,40
30736,1714803,1992788,40
30750,1714796,1992777,40
30769,1714802,1992760,40
30786,1714788,1992778,40
30802,1714817,1992857,40
30817,1714818,1992860,40
30832,1714813,1992867,40
30846,1714824,1992864,40
30860,1714846,1992843,40
30875,1714825,1992857,40
30890,1714831,1992886,40
30905,1714892,1993179,40
30919,1714956,1993198,40
30934,1714927,1993187,40
30949,1714924,1993194,40
30963,1714932,1993204,40
30977,1714942,1993223,40
30997,1714967,1993394,40
31012,1714969,1993364,40
31026,1714950,1993390,40
31043,1714998,1993375,40
31058,1714980,1993377,40
31073,1715015,1993389,40
31087,1714986,1993362,40
31101,1714993,1993477,40
31116,1715024,1993491,40
31132,1715046,1993488,40
31147,1715021,1993472,40
31165,1715042,1993506,40
31180,1715007,1993499,40
31194,1714988,1993464,40
31208,1715007,1993445,40
31230,1714959,1993386,40
31245,1714935,1993250,40
31259,1714885,1993211,40
31273,1714869,1993122,40
31288,1714864,1993068,40
31302,1714479,1992102,40
31316,1714500,1992122,40
31337,1714477,1992139,40
31352,1714458,1992149,40
31366,1714481,1992131,40
31383,1714471,1992146,40
31399,1714613,1992516,40
31413,1714616,1992526,40
31433,1714620,1992532,40
31449,1714616,1992543,40
31464,1714623,1992487,40
31478,1714647,1992545,40
31492,1714587,1992588,40
31507,1714600,1992530,40
31521,1714620,1992532,40
31539,1714602,1992547,40
31555,1714600,1992504,40
31569,1714575,1992493,40
31587,1714598,1992475,40
31602,1714560,1992407,40
31616,1714559,1992425,40
31630,1714559,1992436,40
31646,1714579,1992444,40
31661,1714573,1992451,40
31675,1714554,1992490,40
31689,1714577,1992458,40
31711,1714678,1992763,40
31727,1714662,1992774,40
31742,1714678,1992771,40
31759,1714666,1992780,40
31774,1714697,1992810,40
31789,1714672,1992796,40
31803,1714707,1992937,40
31817,1714712,1992925,40
31832,1714715,1992929,40
31848,1714730,1992937,40
31864,1714731,1992944,40
31879,1714709,1992938,40
31898,1714737,1993009,40
31914,1714713,1993023,40
31928,1714765,1993031,40
31943,1714738,1993035,40
31958,1714750,1993043,40
31973,1714746,1993035,40
31987,1714727,1993056,40
32001,1714668,1992818,40
32021,1714620,1992781,40
32037,1714593,1992682,40
32051,1714566,1992622,40
32066,1714504,1992566,40
32082,1714537,1992511,40
32097,1714244,1991740,40
32112,1714255,1991749,40
32127,1714242,1991780,40
32150,1714258,1991807,40
32165,1714241,1991801,40
32179,1714382,1992098,40
32194,1714391,1992140,40
32210,1714349,1992163,40
32224,1714387,1992171,40
32239,1714374,1992176,40
32256,1714340,1992189,40
32271,1714389,1992163,40
32285,1714358,1992163,40
32299,1714370,1992173,40
32319,1714384,1992159,40
32334,1714382,1992141,40
32351,1714354,1992120,40
32367,1714366,1992102,40
32382,1714347,1992060,40
32396,1714294,1991974,40
32410,1714299,1991915,40
32425,1714289,1991958,40
32440,1714289,1991969,40
32460,1714293,1991959,40
32476,1714321,1991974,40
32490,1714319,1991969,40
32504,1714406,1992266,40
32518,1714413,1992316,40
32533,1714426,1992310,40
32548,1714394,1992307,40
32564,1714418,1992331,40
32579,1714429,1992319,40
32594,1714429,1992505,40
32608,1714493,1992494,40
32623,1714487,1992506,40
32640,1714476,1992522,40
32657,1714469,1992506,40
32673,1714491,1992509,40
32688,1714533,1992652,40
32703,1714515,1992665,40
32717,1714549,1992671,40
32731,1714535,1992688,40
32746,1714541,1992670,40
32762,1714532,1992677,40
32777,1714543,1992725,40
32791,1714154,1991722,40
32812,1714148,1991644,40
32827,1714141,1991606,40
32848,1714091,1991504,40
32865,1714076,1991468,40
32880,1714056,1991454,40
32899,1714034,1991328,40
32921,1714046,1991359,40
32937,1714038,1991376,40
32952,1714047,1991368,40
32967,1714069,1991383,40
32982,1714057,1991418,40
32997,1714106,1991534,40
33011,1714100,1991537,40
33025,1714098,1991556,40
33045,1714086,1991555,40
33061,1714104,1991551,40
33076,1714104,1991576,40
33091,1714048,1991431,40
33106,1714060,1991419,40
33121,1714033,1991411,40
33135,1714029,1991390,40
33149,1714030,1991389,40
33173,1714038,1991386,40
33188,1714034,1991509,40
33202,1714053,1991521,40
33216,1714059,1991500,40
33232,1714058,1991521,40
33246,1714076,1991536,40
33260,1714090,1991599,40
33284,1714154,1991820,40
33300,1714159,1991837,40
33314,1714130,1991795,40
33328,1714160,1991830,40
33343,1714159,1991842,40
33359,1714185,1991831,40
33375,1714179,1991854,40
33390,1714225,1992032,40
33405,1714221,1991972,40
33420,1714238,1991991,40
33434,1714215,1991969,40
33452,1714194,1991884,40
33468,1714216,1992003,40
33483,1714272,1992121,40
33498,1714253,1992138,40
33512,1714233,1991996,40
33527,1714273,1992175,40
33541,1714292,1992142,40
33556,1714266,1992167,40
33580,1714327,1992176,40
33596,1713911,1991158,40
33614,1713880,1991107,40
33631,1713841,1991020,40
33646,1713860,1990995,40
33665,1713810,1990904,40
33684,1713786,1990812,40
33699,1713732,1990696,40
33713,1713724,1990707,40
33728,1713726,1990714,40
33743,1713744,1990716,40
33758,1713745,1990767,40
33772,1713737,1990814,40
33793,1713777,1990933,40
33808,1713819,1990889,40
33822,1713775,1990902,40
33840,1713798,1990902,40
33856,1713788,1990889,40
33870,1713798,1990954,40
33891,1713770,1990798,40
33907,1713755,1990755,40
33922,1713774,1990817,45
33941,1713770,1990800,45
33956,1713740,1990772,45
33970,1713741,1990774,45
33984,1994516,2274305,45
34000,1994566,2274333,45
34015,1994543,2274320,45
34029,1994535,2274344,45
34043,1713724,1990735,45
34057,1994541,2274360,45
34072,1994561,2274366,45
34086,1994655,2274642,45
34104,1994713,2274688,45
34127,1994660,2274688,45
34143,1994681,2274701,45
34157,1994671,2274678,45
34172,1994681,2274702,45
34187,1994763,2274829,45
34202,1994745,2274840,45
34218,1994746,2274843,45
34235,1994706,2274824,45
34250,1994735,2274840,45
34264,1994748,2274872,45
34278,1994769,2274920,45
34302,1994778,2274932,45
34317,1994773,2274945,45
34331,1994808,2274970,45
34348,1994774,2274949,45
34364,1994792,2274998,45
34378,1994724,2274885,45
34392,1994741,2274827,45
34408,1994736,2274740,45
34423,1994694,2274721,45
34437,1994674,2274673,45
34451,1994650,2274602,45
34471,1994583,2274483,45
34489,1994038,2273008,45
34505,1994060,2272999,45
34524,1994037,2273008,45
34540,1994045,2273047,45
34554,1994053,2273071,45
34568,1994055,2273069,45
34584,1994221,2273452,45
34599,1994217,2273479,45
34615,1994198,2273457,45
34630,1994209,2273457,45
34644,1994204,2273464,45
34658,1994177,2273489,45
34673,1994249,2273477,45
34688,1994226,2273542,45
34714,1994237,2273522,45
34729,1994204,2273510,45
34744,1994182,2273533,45
34758,1994206,2273513,45
34772,1994133,2273495,45
34788,1994139,2273381,45
34802,1994122,2273353,45
34817,1994143,2273403,45
34834,1994117,2273387,45
34849,1994146,2273392,45
34863,1994141,2273424,45
34877,1994256,2273726,45
34900,1994242,2273736,45
34916,1994253,2273768,45
34931,1994247,2273748,45
34946,1994256,2273749,45
34962,1994213,2273754,45
34976,1994318,2273988,45
34990,1994330,2273989,45
35006,1994340,2273998,45
35021,1994329,2274015,45
35037,1994334,2274014,45
35052,1994343,2274034,45
35072,1994380,2274201,45
35087,1994383,2274185,45
35101,1994407,2274206,45
35117,1994412,2274229,45
35132,1994405,2274208,45
35147,1994409,2274217,45
35161,1994393,2274205,45
35175,1994496,2274428,45
35195,1994442,2274433,45
35220,1994449,2274457,45
35236,1994467,2274468,45
35252,1994481,2274486,45
35266,1994476,2274488,45
35280,1994006,2273182,45
35294,1993980,2273123,45
35310,1993942,2273071,45
35329,1994457,2274491,45
35344,1993884,2272932,45
35358,1993890,2272878,45
35377,1993881,2272942,45
35392,1993857,2272999,45
35406,1993906,2272994,45
35420,1993897,2273025,45
35437,1993908,2273037,45
35453,1993927,2273056,45
35468,1993958,2273089,45
35482,1994015,2273360,45
35502,1994002,2273352,45
35518,1993936,2273200,45
35533,1993999,2273350,45
35549,1994023,2273383,45
35564,1993947,2273188,45
35578,1993936,2273213,45
35592,1993921,2273144,45
35606,1993910,2273165,45
35621,1993947,2273158,45
35637,1993940,2273156,45
35652,1993927,2273127,45
35666,1993991,2273340,45
35680,1993996,2273389,45
35701,1993951,2273335,45
35715,1993999,2273367,45
35731,1994022,2273400,45
35746,1994010,2273385,45
35761,1994006,2273458,45
35775,1994122,2273738,45
35789,1994121,2273764,45
35810,1994118,2273726,45
35825,1994136,2273791,45
35840,1994141,2273813,45
35857,1994138,2273793,45
35873,1994197,2273934,45
35887,1994208,2273963,45
35901,1994197,2273967,45
35915,1994209,2273952,45
35930,1994175,2273990,45
35956,1994200,2274014,45
35971,1994282,2274183,45
35985,1994253,2274203,45
36000,1994246,2274167,45
36015,1994266,2274166,45
36029,1994267,2274159,45
36045,1994267,2274100,45
36060,1994254,2274131,45
36075,1993656,2272448,45
36089,1993614,2272446,45
36103,1993610,2272436,45
36123,1993585,2272400,45
36139,1993598,2272396,45
36155,1993599,2272416,45
36171,1993752,2272928,45
36186,1993791,2272918,45
36200,1993767,2272936,45
36214,1993786,2272935,45
36228,1993787,2272972,45
36243,1993789,2272949,45
36259,1993796,2272986,45
36274,1993873,2273244,45
36297,1993838,2273219,45
36312,1993872,2273214,45
36326,1993862,2273223,45
36343,1993876,2273179,45
36358,1993848,2273224,45
36373,1993788,2273026,45
36387,1993784,2273009,45
36402,1993780,2273090,45
36417,1993794,2273054,45
36431,1993791,2273041,45
36453,1993786,2273061,45
36469,1993918,2273409,45
36483,1993928,2273439,45
36501,1993929,2273464,45
36516,1993948,2273465,45
36530,1993893,2273492,45
36544,1993957,2273474,45
36568,1994037,2273827,45
36582,1994057,2273847,45
36596,1994025,2273846,45
36612,1994047,2273843,45
36627,1994027,2273857,45
36641,1994062,2273836,45
36657,1994042,2273873,45
36672,1994112,2274048,45
36686,1994122,2274044,45
36704,1994113,2274054,45
36720,1994130,2274065,45
36734,1994150,2274089,45
36751,1994129,2274101,45
36772,1994122,2274106,45
36787,1994159,2274123,45
36801,1994136,2274062,45
36815,1994138,2274039,45
36831,1994065,2273961,45
36846,1994104,2273904,45
36861,1993488,2272337,45
36878,1993484,2272347,45
36893,1993472,2272323,45
36907,1993463,2272342,45
36921,1993481,2272336,45
36941,1993469,2272344,45
36957,1993474,2272390,45
36973,1993684,2272909,45
36988,1993661,2272928,45
37004,1993671,2272940,45
37018,1993686,2272933,45
37034,1993675,2272931,45
37049,1993661,2272934,45
37064,1993753,2273031,45
37084,1993741,2273104,45
37099,1993720,2273105,45
37113,1993732,2273092,45
37127,1993721,2273065,45
37142,1993725,2273101,45
37158,1993674,2272971,45
37173,1993723,2272933,45
37195,1993670,2272988,45
37210,1993704,2273009,45
37224,1993709,2272970,45
37238,1993669,2273005,45
37252,1993678,2273018,45
37268,1993790,2273367,45
37283,1993820,2273386,45
37297,1993826,2273376,45
37321,1993840,2273423,45
37336,1993836,2273420,45
37350,1993848,2273420,45
37371,1993941,2273765,45
37386,1993950,2273759,45
37400,1993945,2273763,45
37416,1993984,2273778,45
37432,1993987,2273783,45
37446,1993981,2273794,45
37466,1994015,2273898,45
37486,1993988,2273920,45
37501,1994000,2273920,45
37515,1994015,2273944,45
37529,1994006,2273936,45
37544,1994029,2273972,45
37559,1994000,2273958,45
37575,1993989,2273856,45
37593,1993970,2273760,45
37610,1993938,2273778,45
37625,1993942,2273708,45
37639,1993906,2273581,45
37655,1993864,2273535,45
37671,1993311,2272019,45
37688,1993340,2272015,45
37706,1993331,2272015,45
37722,1993330,2272079,45
37736,1993333,2272049,45
37754,1993325,2272089,45
37770,1993463,2272466,45
37785,1993464,2272533,45
37800,1993488,2272524,45
37823,1993486,2272523,45
37838,1993489,2272520,45
37856,1993460,2272526,45
37872,1993491,2272654,45
37887,1993526,2272633,45
37908,1993483,2272678,45
37924,1993498,2272632,45
37939,1993466,2272611,45
37953,1993509,2272615,45
37967,1993396,2272490,45
37989,1993483,2272536,45
38005,1993468,2272551,45
38019,1993455,2272550,45
38038,1993441,2272576,45
38054,1993461,2272588,45
38068,1993584,2272921,45
38082,1993571,2272931,45
38105,1993630,2272972,45
38120,1993615,2272982,45
38139,1993645,2272976,45
38154,1993640,2272962,45
38168,1993703,2273296,45
38182,1993704,2273286,45
38200,1993716,2273299,45
38215,1993695,2273318,45
38229,1993795,2273323,45
38243,1993738,2273316,45
38264,1993799,2273432,45
38279,1993792,2273437,45
38293,1993803,2273480,45
38310,1993779,2273474,45
38325,1993810,2273475,45
38340,1993804,2273517,45
38355,1993849,2273677,45
38371,1993860,2273670,45
38386,1993847,2273645,45
38400,1993870,2273618,45
38416,1993796,2273610,45
38431,1993852,2273573,45
38445,1993196,2271861,45
38459,1993208,2271790,45
38474,1993195,2271830,45
38489,1993162,2271811,45
38504,1993143,2271810,45
38524,1993140,2271806,45
38540,1993190,2271827,45
38554,1993391,2272379,45
38568,1993376,2272379,45
38583,1993371,2272371,45
38599,1993371,2272393,45
38614,1993396,2272386,45
38628,1993384,2272389,45
38644,1993431,2272546,45
38660,1993395,2272577,45
38674,1993467,2272558,45
38688,1993439,2272571,45
38703,1993469,2272528,45
38719,1993450,2272558,45
38733,1993430,2272546,45
38748,1993368,2272346,45
38763,1993392,2272350,45
38777,1993385,2272355,45
38791,1993380,2272375,45
38815,1993372,2272370,45
38830,1993364,2272393,45
38850,1993505,2272750,45
38866,1993496,2272743,45
38880,1993523,2272747,45
38900,1993546,2272769,45
38920,1993546,2272766,45
38935,1993535,2272785,50
38949,1993533,2272827,50
38965,2275112,2818903,50
38980,2275161,2818902,50
38994,2275149,2818898,50
39014,2275128,2818904,50
39030,2275155,2818905,50
39044,2275190,2818979,50
39058,2275180,2819004,50
39072,2275170,2818925,50
39087,2275191,2818992,50
39102,2275176,2819015,50
39118,2275188,2819005,50
39134,2275221,2819016,50
39148,2275185,2818947,50
39162,2275164,2818876,50
39177,2275143,2818830,50
39194,2275129,2818787,50
39211,2275083,2818726,50
39226,2275064,2818593,50
39242,2274507,2817173,50
39257,2274497,2817172,50
39271,2274504,2817157,50
39285,2274522,2817199,50
39299,2274539,2817209,50
39316,2274571,2817191,50
39331,2274537,2817282,50
39345,2274719,2817769,50
39369,2274713,2817764,50
39384,2274713,2817753,50
39398,2274729,2817772,50
39415,2274750,2817773,50
39430,2274738,2817769,50
39445,2274766,2817873,50
39460,2274722,2817843,50
39476,2274740,2817871,50
39491,2274729,2817833,50
39505,2274756,2817822,50
39520,2274740,2817776,50
39536,2274705,2817834,50
39551,2274697,2817740,50
39567,2274703,2817738,50
39583,2274698,2817702,50
39597,2274728,2817751,50
39619,2274683,2817803,50
39635,2274905,2818195,50
39650,2274869,2818201,50
39664,2274871,2818209,50
39679,2274874,2818227,50
39694,2274882,2818250,50
39708,2274880,2818252,50
39731,2274888,2818245,50
39747,2275009,2818545,50
39761,2274992,2818501,50
39775,2275002,2818574,50
39795,2274984,2818583,50
39810,2274991,2818578,50
39825,2275015,2818577,50
39841,2275078,2818776,50
39856,2275088,2818791,50
39870,2275087,2818805,50
39884,2275078,2818743,50
39899,2275111,2818805,50
39914,2275108,2818840,50
39929,2275116,2818843,50
39944,2274898,2818257,50
39965,2274830,2818075,50
39980,2274795,2817986,50
39994,2274769,2817913,50
40009,2274761,2817786,50
40024,2274732,2817756,50
40039,2274407,2816996,50
40057,2274417,2817005,50
40072,2274418,2817057,50
40086,2274444,2817096,50
40100,2274451,2817113,50
40114,2274463,2817159,50
40133,2274455,2817104,50
40155,2274587,2817521,50
40170,2274587,2817537,50
40184,2274585,2817521,50
40199,2274600,2817505,50
40214,2274650,2817533,50
40228,2274638,2817627,50
40244,2274640,2817638,50
40261,2274685,2817601,50
40276,2274629,2817610,50
40290,2274659,2817635,50
40305,2274634,2817590,50
40321,2274635,2817626,50
40339,2274664,2817665,50
40354,2274662,2817672,50
40378,2274703,2817689,50
40393,2274669,2817723,50
40408,2274658,2817725,50
40423,2274838,2818147,50
40439,2274808,2818172,50
40454,2274856,2818193,50
40469,2274846,2818185,50
40484,2274857,2818191,50
40498,2274853,2818213,50
40512,2274882,2818220,50
40526,2274994,2818549,50
40542,2275001,2818537,50
40557,2274981,2818550,50
40571,2275005,2818560,50
40595,2275000,2818569,50
40610,2274989,2818572,50
40624,2275006,2818594,50
40638,2275108,2818756,50
40654,2275092,2818759,50
40669,2275060,2818762,50
40683,2275094,2818780,50
40697,2275092,2818777,50
40718,2275094,2818792,50
40734,2275123,2818811,50
40748,2275142,2818773,50
40763,2275101,2818749,50
40777,2275064,2818677,50
40792,2275014,2818587,50
40806,2275047,2818539,50
40820,2274987,2818494,50
40841,2274374,2816767,50
40870,2274342,2816800,50
40885,2274368,2816839,50
40901,2274387,2816842,50
40915,2274389,2816864,50
40931,2274595,2817473,50
40947,2274596,2817470,50
40964,2274585,2817477,50
40979,2274594,2817440,50
40993,2274623,2817486,50
41008,2274585,2817477,50
41022,2274664,2817646,50
41036,2274645,2817665,50
41056,2274655,2817656,50
41072,2274657,2817660,50
41087,2274669,2817595,50
41103,2274672,2817670,50
41119,2274666,2817632,50
41134,2274647,2817566,50
41149,2274649,2817589,50
41165,2274647,2817595,50
41180,2274668,2817605,50
41194,2274666,2817609,50
41208,2274647,2817610,50
41232,2274806,2818036,50
41247,2274843,2818044,50
41261,2274828,2818110,50
41279,2274829,2818072,50
41294,2274843,2818085,50
41308,2274860,2818104,50
41322,2274975,2818454,50
41337,2274937,2818409,50
41352,2274975,2818425,50
41369,2274986,2818453,50
41385,2274956,2818475,50
41409,2274992,2818475,50
41424,2275053,2818649,50
41438,2275055,2818702,50
41464,2275074,2818686,50
41480,2275083,2818690,50
41495,2275070,2818684,50
41509,2275071,2818647,50
41524,2275043,2818715,50
41540,2275196,2819002,50
41554,2275179,2819006,50
41570,2275193,2819031,50
41585,2275193,2819027,50
41600,2275212,2819051,50
41614,2275202,2819033,50
41629,2274514,2817076,50
41649,2274437,2816995,50
41664,2274442,2816961,50
41686,2274426,2816911,50
41703,2274420,2816841,50
41718,2274398,2816876,50
41736,2274595,2817409,50
41751,2274614,2817478,50
41766,2274555,2817449,50
41783,2274621,2817499,50
41799,2274634,2817462,50
41814,2274634,2817473,50
41828,2274715,2817700,50
41842,2274720,2817713,50
41863,2274718,2817703,50
41879,2274736,2817733,50
41894,2274731,2817728,50
41910,2274751,2817739,50
41926,2274654,2817546,50
41941,2274666,2817515,50
41955,2274666,2817515,50
41970,2274683,2817551,50
41985,2274666,2817535,50
42000,2274624,2817548,50
42014,2274695,2817577,50
42035,2274835,2818008,50
42050,2274858,2818004,50
42064,2274814,2818067,50
42080,2274850,2818050,50
42095,2274830,2818059,50
42110,2274846,2818083,50
42125,2275036,2818550,50
42139,2275071,2818505,50
42154,2275034,2818521,50
42168,2275050,2818525,50
42183,2275048,2818563,50
42205,2275059,2818552,50
42220,2275127,2818708,50
42234,2275121,2818688,50
42248,2275114,2818699,50
42264,2275144,2818712,50
42279,2275137,2818716,50
42296,2275152,2818718,50
42312,2275139,2818740,50
42327,2275242,2818994,50
42341,2275258,2819005,50
42355,2275232,2818991,50
42376,2275238,2819016,50
42391,2275254,2819045,50
42406,2275234,2819040,50
42423,2274693,2817290,50
42438,2274630,2817277,50
42452,2274561,2817219,50
42466,2274606,2817183,50
42480,2274559,2817126,50
42495,2274582,2817114,50
42511,2274542,2817061,50
42526,2274705,2817534,50
42546,2274738,2817612,50
42561,2274741,2817589,50
42575,2274739,2817624,50
42590,2274742,2817635,50
42606,2274757,2817694,50
42620,2274834,2817938,50
42637,2274857,2817938,50
42653,2274840,2817941,50
42668,2274884,2817934,50
42688,2274864,2817976,50
42705,2274851,2817943,50
42720,2274855,2817978,50
42734,2274724,2817657,50
42748,2274737,2817657,50
42763,2274740,2817678,50
42777,2274731,2817642,50
42795,2274759,2817668,50
42815,2274870,2817996,50
42830,2274891,2818012,50
42844,2274870,2818030,50
42858,2274884,2818050,50
42874,2274894,2818070,50
42888,2274891,2818089,50
42906,2274885,2818107,50
42922,2275060,2818523,50
42936,2275034,2818514,50
42950,2275078,2818514,50
42964,2275045,2818522,50
42979,2275110,2818538,50
42993,2275100,2818555,50
43009,2275142,2818740,50
43031,2275098,2818676,50
43046,2275150,2818729,50
43060,2275118,2818705,50
43075,2275129,2818710,50
43090,2275181,2818736,50
43105,2275134,2818742,50
43120,2275252,2818995,50
43141,2275239,2818966,50
43156,2275251,2818995,50
43170,2275248,2818986,50
43185,2275244,2818994,50
43200,2275224,2818989,50
43219,2274525,2816987,50
43233,2274503,2816946,50
43255,2274470,2816850,50
43270,2274450,2816840,50
43284,2274461,2816844,50
43302,2274479,2816827,50
43322,2274632,2817455,50
43337,2274711,2817479,50
43354,2274677,2817513,50
43370,2274699,2817516,50
43385,2274680,2817498,50
43404,2274723,2817548,50
43419,2274787,2817792,50
43435,2274793,2817805,50
43454,2274782,2817824,50
43471,2274800,2817812,50
43486,2274808,2817822,50
43501,2274808,2817808,50
43516,2274724,2817632,50
43532,2274720,2817628,50
43546,2274751,2817628,50
43560,2274706,2817620,50
43584,2274757,2817646,50
43599,2274733,2817640,50
43613,2274889,2818030,50
43629,2274851,2818046,50
43644,2274873,2818036,50
43658,2274877,2818072,50
43672,2274905,2818082,50
43686,2274899,2818084,50
43706,2274878,2818136,50
43723,2275034,2818485,50
43738,2275059,2818502,50
43753,2275089,2818541,50
43769,2275064,2818534,50
43783,2275121,2818538,50
43803,2275191,2818796,50
43819,2275164,2818788,50
43834,2275149,2818774,50
43848,2275178,2818819,50
43862,2275176,2818791,50
43878,2275179,2818789,50
43893,2275141,2818826,50
43907,2275289,2819057,50
43928,2275292,2819075,5
43946,2275315,2819101,5
43962,2275303,2819105,5
43977,2275303,2819104,5
43992,2275292,2819120,5
44006,13697,13087,5
44023,13653,13144,5
44039,13668,13140,5
44054,13663,13144,5
44068,13676,13156,5
44082,13652,13133,5
44103,13675,13142,5
44118,13726,13107,5
44133,13672,13146,5
44153,13665,13154,5
44168,13672,13158,5
44182,13685,13151,5
44196,13689,13170,5
44210,13697,13195,5
44226,13682,13184,5
44244,13676,13176,5
44258,13685,13192,5
44273,13710,13189,5
44288,13682,13202,5
44302,13684,13173,5
44316,13688,13195,5
44338,13699,13202,5
44353,13693,13177,5
44367,13683,13224,5
44383,13677,13165,5
44399,13702,13211,5
44413,13701,13197,5
44427,13687,13217,5
44441,13708,13186,5
44457,13708,13233,5
44472,13711,13214,5
44486,13751,13206,5
44510,13720,13257,5
44525,13708,13247,5
44539,13713,13219,5
44561,13717,13238,5
44576,13705,13262,5
44590,13708,13243,5
44605,13733,13237,5
44621,13707,13279,5
44635,13739,13277,5
44650,13741,13271,5
44665,13735,13288,5
44679,13739,13277,5
44693,13721,13269,5
44714,13718,13292,5
44730,13784,13271,5
44745,13729,13290,5
44762,13727,13285,5
44777,13734,13321,5
44792,13719,13289,5
44806,13738,13282,5
44827,13735,13282,5
44843,13763,13280,5
44859,13725,13249,5
44873,13729,13277,5
44889,13724,13253,5
44903,13667,13155,5
45068,13703,13198,5
45083,13741,13183,5
45097,13706,13210,5
45112,13749,13209,5
45128,13717,13187,5
45142,13716,13249,5
45157,13714,13221,5
45172,13707,13212,5
45187,13713,13219,5
45201,13692,13213,5
45215,13702,13212,5
45239,13723,13240,5
45254,13714,13167,5
45270,13721,13228,5
45285,13705,13201,5
45300,13724,13244,5
45314,13711,13248,5
45328,13732,13255,5
45342,13725,13265,5
45357,13726,13257,5
45373,13724,13229,5
45387,13752,13258,5
45408,13731,13267,5
45423,13724,13274,5
45437,13720,13284,5
45452,13733,13283,5
45467,13725,13280,5
45482,13748,13285,5
45496,13723,13274,5
45510,13752,13302,5
45531,13746,13311,5
45546,13737,13299,5
45560,13740,13303,5
45576,13722,13316,5
45591,13740,13297,5
45605,13742,13305,5
45624,13752,13296,5
45639,13754,13325,5
45653,13766,13321,5
45671,13753,13299,5
45687,13754,13318,5
45701,13717,13273,5
45715,13740,13262,5
45729,13723,13246,5
45745,13710,13239,5
45759,13714,13260,5
45774,13728,13236,5
45790,13677,13185,5
45804,13688,13184,5
45818,13714,13167,5
45832,13707,13200,5
45848,13710,13193,5
45862,13707,13195,5
45878,13708,13224,5
45894,13738,13246,5
45908,13731,13241,5
45922,13714,13218,5
45939,13713,13285,5
45954,13721,13209,5
45971,13711,13240,5
45986,13727,13242,5
46004,13690,13230,5
46019,13705,13245,5
46033,13714,13232,5
46049,13743,13223,5
46065,13715,13236,5
46080,13718,13241,5
46103,13721,13231,5
46119,13730,13265,5
46133,13735,13231,5
46147,13717,13248,5
46162,13712,13246,5
46178,13723,13231,5
46193,13753,13261,5
46209,13732,13284,5
46224,13722,13261,5
46239,13745,13323,5
46253,13747,13274,5
46267,13732,13280,5
46291,13743,13259,5
46306,13737,13310,5
46321,13744,13327,5
46337,13746,13328,5
46352,13758,13335,5
46366,13739,13301,5
46383,13730,13291,5
46399,13759,13329,5
46414,13743,13307,5
46433,13767,13305,5
46449,13743,13314,5
46463,13747,13335,5
46477,13768,13312,5
46501,13758,13323,5
46516,13770,13318,5
46531,13775,13303,5
46545,13773,13289,5
46560,13731,13291,5
46574,13737,13297,5
46591,13711,13180,5
46610,13697,13182,5
46628,13708,13184,5
46643,13709,13201,5
46660,13694,13197,5
46675,13706,13223,5
46689,13711,13246,5
46704,13712,13242,5
46718,13750,13245,5
46733,13710,13286,5
46747,13726,13252,5
46761,13696,13267,5
46782,13681,13262,5
46797,13759,13263,5
46812,13745,13273,5
46827,13746,13250,5
46843,13763,13244,5
46857,13725,13253,5
46871,13720,13251,5
46885,13722,13222,5
46903,13689,13232,5
46919,13725,13249,5
46934,13722,13246,5
46959,13736,13239,5
46974,13722,13250,5
46988,13729,13291,5
47005,13769,13284,5
47021,13737,13253,5
47035,13745,13312,5
47049,13731,13283,5
47064,13728,13283,5
47088,13735,13278,5
47103,13741,13305,5
47118,13748,13322,5
47132,13770,13302,5
47147,13723,13300,5
47161,13762,13333,5
47175,13763,13317,5
47191,13772,13330,5
47214,13757,13317,5
47243,13748,13324,5
47259,13753,13334,5
47274,13769,13324,5
47288,13670,13237,5
47302,13729,13239,5
47317,13727,13227,5
47332,13728,13221,5
47346,13731,13189,5
47360,13704,13226,5
47380,13686,13218,5
47395,13726,13182,5
47409,13723,13181,5
47429,13735,13199,5
47445,13721,13204,5
47459,13712,13203,5
47473,13743,13196,5
47487,13728,13255,5
47502,13731,13250,5
47523,13729,13260,5
47543,13712,13258,5
47559,13740,13248,5
47573,13740,13248,5
47587,13706,13241,5
47602,13745,13227,5
47620,13725,13247,5
47636,13725,13233,5
47653,13686,13252,5
47669,13716,13213,5
47684,13733,13254,5
47698,13727,13270,5
47713,13715,13236,5
47732,13726,13272,5
47747,13709,13254,5
47762,13725,13236,5
47777,13779,13204,5
47793,13737,13308,5
47807,13742,13267,5
47822,13718,13272,5
47837,13773,13283,5
47852,13732,13284,5
47866,13757,13280,5
47880,13732,13323,5
47895,13763,13260,5
47918,13742,13318,5
47933,13745,13309,5
47948,13789,13312,5
47968,13748,13301,5
47987,13749,13299,5
48003,13749,13293,5
48017,13770,13336,5
48034,13756,13333,5
48049,13761,13318,5
48064,13747,13305,5
48078,13717,13188,5
48092,13699,13157,5
48106,13703,13162,5
48132,13689,13156,5
48147,13678,13186,5
48161,13687,13182,5
48175,13698,13203,5
48190,13692,13125,5
48204,13711,13186,5
48223,13704,13210,5
48238,13673,13215,5
48255,13710,13204,5
48274,13709,13213,5
48288,13712,13221,5
48302,13702,13242,5
48318,13699,13215,5
48333,13698,13203,5
48349,13693,13214,5
48364,13710,13191,5
48379,13699,13213,5
48393,13708,13202,5
48407,13714,13186,5
48431,13691,13198,5
48446,13692,13183,5
48460,13701,13200,5
48474,13721,13219,5
48490,13713,13245,5
48504,13757,13212,5
48519,13704,13208,5
48535,13721,13256,5
48550,13669,13219,5
48564,13738,13219,5
48586,13725,13232,5
48601,13742,13266,5
48615,13750,13259,5
48631,13715,13243,5
48646,13721,13261,5
48660,13709,13287,5
48675,13665,13262,5
48689,13746,13258,5
48711,13739,13248,5
48726,13729,13282,5
48741,13745,13273,5
48756,13734,13266,5
48771,13742,13255,5
48786,13732,13269,5
48800,13730,13259,5
48814,13733,13259,5
48838,13733,13286,5
48853,13690,13270,5
48867,13728,13272,5
48883,13673,13148,5
48898,13686,13137,5
48912,13686,13122,5
48926,13675,13120,5
48940,13688,13107,10
48965,13640,13148,10
48980,30419,30919,10
48995,30414,30919,10
49009,30440,30912,10
49024,30437,30943,10
49043,30432,30894,10
49058,30440,30925,10
49080,30417,30952,10
49095,30474,30941,10
49109,30427,30947,10
49125,30446,30944,10
49143,30403,30939,10
49158,30444,30944,10
49177,30415,30917,10
49194,30427,30895,10
49209,30395,30888,10
49223,30394,30905,10
49237,30439,30902,10
49252,30415,30887,10
49267,30388,30923,10
49281,30458,30985,10
49303,30441,30984,10
49318,30477,30976,10
49332,30466,30995,10
49350,30447,30988,10
49365,30442,30972,10
49380,30493,31038,10
49394,30469,31034,10
49408,30504,31034,10
49429,30483,31057,10
49444,30478,31061,10
49458,30472,31052,10
49473,30499,31094,10
49488,30510,31034,10
49503,30511,31097,10
49517,30513,31096,10
49531,30488,31093,10
49555,30505,31073,10
49570,30495,31110,10
49584,30472,31001,10
49598,30480,30996,10
49613,30484,30997,10
49627,30456,30957,10
49641,30456,30941,10
49656,30444,30929,10
49677,30349,30795,10
49712,30411,30818,10
49728,30410,30829,10
49742,30356,30821,10
49762,30374,30821,10
49779,30406,30894,10
49794,30477,30905,10
49813,30406,30930,10
49829,30405,30892,10
49844,30424,30899,10
49865,30456,30882,10
49881,30439,30885,10
49895,30415,30893,10
49909,30436,30904,10
49924,30453,30881,10
49939,30423,30916,10
49953,30404,30906,10
49970,30405,30908,10
49989,30442,30923,10
50006,30422,30914,10
50022,30425,30944,10
50037,30443,30937,10
50052,30459,30915,10
50067,30416,30934,10
50082,30447,31002,10
50102,30461,30959,10
50118,30463,31023,10
50132,30462,31010,10
50146,30469,31018,10
50162,30467,30984,10
50177,30477,31022,10
50193,30487,31043,10
50208,30490,31031,10
50223,30480,31079,10
50237,30482,31048,10
50257,30484,31044,10
50272,30489,31070,10
50288,30455,31091,10
50303,30495,31082,10
50318,30509,31098,10
50332,30508,31083,10
50346,30502,31127,10
50360,30481,31102,10
50376,30390,30812,10
50391,30399,30808,10
50405,30374,30840,10
50423,30384,30807,10
50438,30378,30783,10
50452,30376,30792,10
50467,30385,30771,10
50483,30413,30856,10
50498,30394,30848,10
50512,30396,30853,10
50528,30408,30872,10
50543,30376,30845,10
50557,30422,30862,10
50571,30427,30903,10
50590,30411,30936,10
50610,30412,30906,10
50626,30434,30894,10
50641,30442,30906,10
50655,30429,30890,10
50671,30382,30856,10
50686,30414,30849,10
50701,30399,30888,10
50716,30406,30862,10
50731,30392,30844,10
50745,30399,30872,10
50759,30437,30925,10
50775,30434,30903,10
50800,30447,30907,10
50815,30442,30913,10
50829,30440,30933,10
50849,30407,30870,10
50864,30455,30970,10
50878,30450,30984,10
50893,30482,30975,10
50909,30435,30980,10
50924,30448,30993,10
50938,30458,30974,10
50953,30458,30974,10
50977,30472,31042,10
50993,30471,31040,10
51008,30465,31023,10
51022,30482,31030,10
51037,30488,31034,10
51051,30472,31021,10
51065,30433,30876,10
51079,30422,30867,10
51099,30419,30831,10
51114,30383,30839,10
51128,30378,30817,10
51147,30389,30808,10
51162,30364,30757,10
51176,30360,30777,10
51196,30369,30735,10
51212,30357,30779,10
51226,30393,30786,10
51240,30381,30799,10
51254,30385,30825,10
51269,30401,30830,10
51283,30378,30841,10
51298,30398,30838,10
51317,30423,30815,10
51332,30376,30859,10
51346,30382,30855,10
51361,30410,30851,10
51375,30419,30814,10
51391,30386,30860,10
51406,30390,30848,10
51422,30393,30830,10
51437,30395,30858,10
51452,30400,30778,10
51466,30410,30854,10
51480,30397,30872,10
51502,30447,30859,10
51517,30438,30860,10
51531,30416,30878,10
51546,30404,30867,10
51561,30433,30966,10
51575,30441,30936,10
51589,30429,30943,10
51607,30438,30953,10
51622,30456,30944,10
51636,30449,30957,10
51650,30430,30964,10
51665,30462,30991,10
51686,30500,31009,10
51702,30461,31020,10
51723,30443,30999,10
51738,30461,31015,10
51752,30437,31019,10
51766,30423,30888,10
51781,30403,30854,10
51796,30394,30865,10
51813,30378,30831,10
51828,30389,30834,10
51847,30378,30818,10
51862,30366,30718,10
51877,30347,30702,10
51895,30344,30726,10
51912,30345,30708,10
51927,30333,30757,10
51941,30346,30741,10
51955,30363,30771,10
51970,30365,30753,10
51984,30356,30779,10
51998,30340,30767,10
52019,30364,30783,10
52034,30366,30783,10
52048,30365,30798,10
52062,30368,30791,10
52077,30375,30796,10
52091,30340,30797,10
52105,30343,30820,10
52121,30370,30791,10
52141,30367,30788,10
52156,30361,30814,10
52170,30395,30847,10
52190,30378,30817,10
52205,30385,30824,10
52220,30405,30811,10
52235,30372,30815,10
52250,30389,30821,10
52265,30399,30916,10
52279,30405,30926,10
52293,30422,30924,10
52307,30423,30932,10
52328,30403,30872,10
52343,30425,30933,10
52357,30421,30951,10
52375,30442,30943,10
52391,30423,30924,10
52406,30443,30933,10
52421,30436,30935,10
52436,30426,30950,10
52451,30423,30981,10
52465,30458,31042,10
52479,30460,30969,10
52493,30451,30994,10
52517,30449,30939,10
52534,30468,30979,10
52550,30301,30625,10
52564,30308,30640,10
52579,30306,30612,10
52593,30287,30596,10
52607,30304,30613,10
52627,30307,30626,10
52643,30312,30651,10
52657,30323,30712,10
52672,30364,30723,10
52686,30332,30717,10
52701,30307,30670,10
52715,30347,30717,10
52735,30338,30717,10
52751,30372,30712,10
52765,30347,30751,10
52779,30353,30755,10
52793,30347,30749,10
52809,30354,30743,10
52823,30356,30754,10
52839,30349,30730,10
52857,30337,30725,10
52873,30345,30770,10
52896,30338,30704,10
52911,30350,30728,10
52926,30323,30729,10
52941,30362,30793,10
52958,30376,30811,10
52973,30379,30796,10
52987,30364,30846,10
53001,30331,30781,10
53022,30389,30816,10
53037,30385,30846,10
53052,30368,30811,10
53072,30398,30874,10
53088,30403,30861,10
53102,30442,30864,10
53117,30390,30865,10
53132,30400,30849,10
53150,30410,30905,10
53165,30424,30896,10
53181,30403,30939,10
53196,30369,30908,10
53210,30403,30902,10
53224,30421,30914,10
53246,30412,30867,10
53262,30395,30896,10
53277,30413,30909,10
53291,30398,30861,10
53305,30392,30884,10
53320,30368,30853,10
53335,30373,30838,10
53350,30271,30605,10
53366,30272,30559,10
53384,30293,30608,10
53409,30273,30618,10
53425,30285,30638,10
53440,30292,30592,10
53458,30360,30687,10
53473,30318,30680,10
53489,30307,30698,10
53504,30318,30704,10
53518,30291,30697,10
53532,30316,30678,10
53556,30330,30725,10
53571,30326,30701,10
53585,30321,30694,10
53599,30304,30699,10
53615,30329,30705,10
53630,30314,30684,10
53644,30330,30694,10
53659,30329,30710,10
53674,30326,30679,10
53688,30349,30730,10
53702,30308,30681,10
53716,30324,30705,10
53731,30329,30722,10
53745,30341,30734,10
53760,30371,30752,10
53786,30359,30794,10
53801,30348,30783,10
53815,30320,30723,10
53830,30363,30804,10
53847,30384,30830,10
53863,30402,30845,10
53878,30396,30863,10
53892,30386,30854,10
53910,30386,30848,10
53926,30375,30828,10
53940,30398,30838,15
53955,30414,30863,15
53978,30405,30873,15
53992,47909,312263,15
54007,47929,312271,15
54022,47952,312271,15
54037,47994,312405,15
54051,48007,312311,15
54072,47980,312350,15
54088,47973,312357,15
54102,47963,312360,15
54116,47966,312336,15
54131,47978,312345,15
54146,47790,311885,15
54163,47811,311851,15
54178,47765,311867,15
54195,47756,311846,15
54211,47758,311811,15
54226,47723,311829,15
54241,47820,311960,15
54256,47831,311980,15
54271,47826,311959,15
54286,47817,311985,15
54306,47839,311985,15
54322,47837,312002,15
54337,47824,312039,15
54351,47835,312060,15
54366,47858,312024,15
54381,47843,312031,15
54396,47854,311982,15
54410,47851,312055,15
54430,47837,312057,15
54445,47854,311990,15
54460,47801,311973,15
54482,47840,311973,15
54498,47841,311973,15
54513,47825,311972,15
54527,47806,311977,15
54542,47859,312071,15
54558,47853,312065,15
54573,47874,312073,15
54588,47804,312093,15
54605,47869,312078,15
54621,47883,312084,15
54635,47920,312226,15
54651,47926,312111,15
54667,47926,312190,15
54682,47898,312186,15
54697,47881,312177,15
54711,47945,312156,15
54726,47896,312184,15
54740,47933,312233,15
54754,47936,312252,15
54778,47946,312245,15
54793,47939,312226,15
54807,47930,312234,15
54821,47939,312226,15
54837,47936,312292,15
54851,47968,312286,15
54865,47935,312315,15
54885,47914,312285,15
54900,47958,312297,15
54915,47962,312265,15
54929,47941,312252,15
54943,47767,311800,15
54958,47761,311820,15
54973,47776,311795,15
54989,47757,311811,15
55008,47764,311807,15
55024,47764,311810,15
55053,47854,311983,15
55068,47839,312012,15
55083,47827,312004,15
55098,47837,312023,15
55113,47824,311999,15
55127,47887,311988,15
55147,47849,312055,15
55184,47866,312060,15
55199,47865,312059,15
55214,47852,312088,15
55228,47857,312036,15
55243,47840,312048,15
55257,47854,312004,15
55271,47849,312014,15
55291,47843,312011,15
55307,47821,311969,15
55321,47845,312002,15
55335,47897,312103,15
55350,47903,312112,15
55365,47887,312118,15
55379,47877,312100,15
55394,47913,312121,15
55417,47896,312140,15
55436,47917,312254,15
55452,47931,312212,15
55466,47928,312228,15
55480,47950,312231,15
55496,47950,312214,15
55511,47925,312218,15
55525,47943,312230,15
55540,47952,312269,15
55561,47995,312280,15
55576,47958,312274,15
55590,47970,312276,15
55607,47966,312280,15
55624,47914,312285,15
55639,47937,312120,15
55653,47862,312119,15
55667,47871,312082,15
55688,47864,312045,15
56886,47842,312003,15
56901,47847,312033,15
56915,47857,312029,15
56931,47903,312201,15
56946,47845,312154,15
56960,47909,312165,15
56974,47895,312172,15
56994,47897,312170,15
57012,47919,312211,15
57033,47915,312252,15
57049,47934,312285,15
57063,47906,312249,15
57077,47955,312253,15
57091,47934,312262,15
57106,47941,312260,15
57120,48012,312311,15
57140,47995,312332,15
57156,47971,312312,15
57171,47994,312321,15
57185,47973,312325,15
57200,47958,312369,15
57215,47972,312324,15
57240,47927,312277,15
57257,47912,312223,15
57271,47920,312207,15
57289,47909,312178,15
57305,47885,312161,15
57320,47881,312125,15
57339,47755,311802,15
57355,47756,311810,15
57369,47760,311762,15
57384,47749,311822,15
57398,47744,311820,15
57414,47771,311846,15
57428,47816,312016,15
57445,47872,311992,15
57460,47835,311990,15
57475,47826,311977,15
57489,47790,312027,15
57504,47827,312010,15
57519,47841,312008,15
57534,47873,311997,15
57548,47839,312006,15
57563,47841,311998,15
57578,47853,312007,15
57592,47835,312017,15
57607,47856,312014,15
57627,47824,312008,15
57643,47834,311987,15
57658,47846,312010,15
57673,47835,312025,15
57688,47836,312025,15
57702,47833,312016,15
57716,47832,312003,15
57730,47881,312147,15
57754,47911,312151,15
57769,47903,312145,15
57783,47900,312178,15
57797,47882,312169,15
57813,47928,312149,15
57827,47921,312238,15
57841,47935,312266,15
57857,47940,312240,15
57872,47971,312243,15
57886,47952,312280,15
57900,47948,312271,15
57914,47917,312270,15
57929,47967,312319,15
57943,47964,312314,15
57959,47971,312366,15
57974,47959,312320,15
57988,47972,312327,15
58002,47966,312318,15
58016,47992,312312,15
58031,47937,312317,15
58045,47965,312305,15
58061,47948,312301,15
58077,47949,312282,15
58091,47938,312224,15
58107,47960,312221,15
58123,47769,311836,15
58137,47735,311833,15
58159,47744,311841,15
58175,47768,311849,15
58189,47757,311840,15
58203,47779,311832,15
58218,47868,312051,15
58233,47847,312048,15
58247,47852,312048,15
58265,47886,312065,15
58281,47828,312050,15
58296,47867,312075,15
58310,47871,312059,15
58325,47860,312096,15
58340,47906,312096,15
58354,47886,312094,15
58370,47857,312053,15
58385,47878,312108,15
58400,47863,312075,15
58416,47843,312038,15
58432,47853,312022,15
58446,47857,312056,15
58467,47855,312048,15
58483,47856,312048,15
58497,47888,312061,15
58511,47856,312055,15
58526,47904,312170,15
58541,47914,312190,15
58557,47910,312226,15
58573,47937,312209,15
58588,47920,312212,15
58602,47933,312218,15
58616,47925,312219,15
58631,47926,312280,15
58647,47958,312287,15
58661,47952,312282,15
58678,47958,312286,15
58694,47969,312312,15
58709,47964,312292,15
58723,47977,312366,15
58738,47980,312356,15
58761,48003,312377,15
58777,48004,312385,15
58792,47990,312370,15
58807,47996,312408,15
58822,47871,311987,15
58836,47834,311991,15
58850,47819,311982,15
58868,47807,311936,15
58886,47865,311932,15
58901,47807,311923,15
58915,47839,311966,15
58936,47828,311973,15
58952,47825,311967,20
58967,47848,312005,20
58983,47824,311980,20
58999,47877,312002,20
59013,590641,594520,20
59028,590632,594539,20
59043,590671,594522,20
59057,590665,594523,20
59078,590705,594538,20
59093,590648,594522,20
59107,590654,594501,20
59121,590649,594506,20
59142,590628,594481,20
59157,590659,594486,20
59171,590650,594479,20
59186,590633,594450,20
59201,590640,594499,20
59215,590675,594556,20
59229,590683,594578,20
59245,590695,594625,20
59260,590675,594623,20
59274,590725,594607,20
59290,590678,594597,20
59305,590800,594767,20
59319,590734,594778,20
59333,590823,594797,20
59349,590770,594770,20
59364,590772,594781,20
59379,590803,594799,20
59397,590779,594807,20
59412,590801,594872,20
59427,590797,594876,20
59441,590821,594889,20
59455,590814,594894,20
59479,590816,594847,20
59494,590827,594913,20
59509,590847,594930,20
59523,590841,594962,20
59539,590848,594936,20
59553,590831,594916,20
59569,590836,594910,20
59584,590813,594866,20
59601,590580,594155,20
59619,590461,594185,20
59635,590533,594157,20
59649,590520,594178,20
59663,590528,594210,20
59677,590549,594185,20
59692,590527,594207,20
59708,590631,594467,20
59722,590658,594425,20
59743,590626,594472,20
59758,590647,594475,20
59772,590633,594468,20
59787,590667,594510,20
59808,590706,594562,20
59823,590684,594557,20
59837,590685,594520,20
59851,590637,594549,20
59866,590703,594562,20
59882,590675,594554,20
59897,590672,594482,20
59914,590681,594510,20
59929,590653,594527,20
59944,590658,594510,20
59963,590666,594529,20
59979,590672,594516,20
59994,590661,594508,20
60011,590722,594655,20
60027,590703,594716,20
60042,590748,594687,20
60056,590734,594673,20
60071,590738,594703,20
60087,590715,594717,20
60108,590797,594847,20
60124,590797,594840,20
60138,590793,594858,20
60152,590767,594832,20
60167,590810,594838,20
60182,590821,594855,20
60196,590821,594855,20
60216,590860,594943,20
60231,590860,594941,20
60246,590839,594942,20
60261,590854,594921,20
60275,590839,594957,20
60290,590837,594960,20
60311,590839,594886,20
60327,590826,594827,20
60341,590803,594796,20
60355,590783,594791,20
60369,590809,594758,20
60384,590716,594718,20
60400,590777,594668,20
60416,590552,594219,20
60432,590574,594234,20
60446,590555,594252,20
60460,590560,594258,20
60474,590557,594251,20
60490,590556,594276,20
60505,590560,594298,20
60521,590648,594487,20
60536,590631,594481,20
60551,590633,594446,20
60565,590640,594500,20
60579,590656,594472,20
60601,590688,594548,20
60616,590655,594486,20
60639,590677,594543,20
60655,590666,594532,20
60669,590702,594529,20
60682,590698,594528,20
60698,590692,594544,20
60716,590676,594526,20
60731,590679,594521,20
60745,590688,594559,20
60764,590691,594539,20
60779,590692,594550,20
60793,590662,594539,20
60811,590766,594710,20
60826,590777,594713,20
60841,590761,594728,20
60858,590804,594702,20
60874,590761,594741,20
60888,590772,594735,20
60902,590807,594844,20
60919,590824,594811,20
60935,590831,594869,20
60949,590809,594850,20
60963,590793,594865,20
60983,590866,594837,20
60998,590822,594868,20
61013,590864,594932,20
61029,590839,594931,20
61044,590904,594915,20
61058,590855,594932,20
61074,590851,594966,20
61089,590852,594945,20
61104,590848,594936,20
61118,590850,594842,20
61134,590809,594822,20
61149,590803,594771,20
61163,590808,594731,20
61177,590793,594734,20
61197,590582,594264,20
61213,590590,594259,20
61228,590595,594287,20
61246,590603,594296,20
61262,590603,594305,20
61276,590639,594354,20
61290,590607,594355,20
61304,590692,594552,20
61319,590715,594548,20
61337,590666,594528,20
61353,590705,594531,20
61367,590689,594550,20
61385,590719,594540,20
61401,590700,594631,20
61415,590752,594567,20
61430,590710,594581,20
61445,590715,594534,20
61460,590704,594600,20
61474,590696,594567,20
61488,590685,594600,20
61509,590684,594569,20
61525,590712,594559,20
61540,590720,594548,20
61557,590727,594585,20
61575,590725,594525,20
61590,590735,594582,20
61604,590779,594747,20
61619,590788,594704,20
61637,590794,594729,20
61652,590777,594753,20
61666,590793,594742,20
61683,590821,594769,20
61698,590792,594758,20
61712,590824,594833,20
61727,590805,594821,20
61747,590813,594786,20
61762,590803,594830,20
61776,590831,594844,20
61793,590830,594820,20
61808,590859,594971,20
61823,590866,594937,20
61837,590838,594936,20
61863,590857,594941,20
61877,590867,594895,20
61891,590867,594940,20
61906,590592,594264,20
61921,590600,594265,20
61936,590598,594236,20
61953,590562,594210,20
61969,590557,594207,20
61983,590579,594212,20
61997,590555,594145,20
62012,590636,594388,20
62028,590643,594400,20
62044,590646,594413,20
62059,590639,594412,20
62075,590637,594434,20
62090,590686,594448,20
62105,590706,594544,20
62119,590679,594559,20
62140,590749,594549,20
62156,590713,594538,20
62171,590701,594554,20
62185,590704,594505,20
62200,590653,594507,20
62215,590682,594491,20
62229,590681,594477,20
62243,590659,594485,20
62268,590682,594491,20
62283,590698,594499,20
62297,590758,594658,20
62313,590730,594604,20
62330,590744,594643,20
62345,590744,594644,20
62359,590746,594658,20
62375,590722,594665,20
62391,590674,594541,20
62405,590794,594835,20
62419,590807,594817,20
62433,590823,594817,20
62448,590833,594831,20
62464,590814,594856,20
62479,590857,594831,20
62494,590855,594874,20
62508,590857,594891,20
62528,590835,594895,20
62543,590846,594880,20
62558,590862,594906,20
62573,590851,594904,20
62588,590836,594885,20
62602,590838,594877,20
62616,590825,594848,20
62637,590858,594842,20
62652,590809,594783,20
62667,590808,594752,20
62686,590545,594151,20
62702,590537,594186,20
62717,590556,594197,20
62735,590586,594195,20
62750,590616,594220,20
62765,590592,594222,20
62780,590580,594237,20
62794,590668,594401,20
62809,590673,594427,20
62823,590665,594416,20
62837,590667,594420,20
62858,590659,594429,20
62873,590675,594413,20
62888,590690,594527,20
62904,590677,594496,20
62920,590672,594473,20
62934,590703,594523,20
62948,590687,594512,20
62963,590699,594466,20
62982,590675,594472,20
62997,590623,594468,20
63011,590677,594490,20
63031,590696,594480,20
63047,590677,594451,20
63064,590668,594543,20
63080,590760,594686,20
63095,590779,594679,20
63109,590756,594672,20
63123,590808,594700,20
63138,590774,594714,20
63152,590783,594709,20
63166,590774,594701,20
63191,590833,594812,20
63206,590838,594838,20
63220,590843,594839,20
63240,590784,594849,20
63255,590848,594830,20
63269,590820,594820,20
63287,590888,594891,20
63302,590841,594928,20
63316,590867,594916,20
63330,590846,594925,20
63351,590872,594923,20
63368,590903,594940,20
63383,590831,594846,20
63399,590838,594814,20
63414,590810,594772,20
63428,590810,594749,20
63442,590761,594734,20
63457,590786,594656,20
63472,590575,594200,20
63488,590578,594169,20
63503,590570,594214,20
63517,590572,594230,20
63531,590592,594222,20
63546,590571,594247,20
63561,590604,594219,20
63575,590658,594394,20
63591,590654,594410,20
63606,590636,594402,20
63620,590651,594400,20
63634,590669,594386,20
63648,590672,594379,20
63664,590658,594401,20
63679,590658,594475,20
63695,590689,594455,20
63710,590674,594456,20
63725,590674,594441,20
63739,590655,594475,20
63753,590671,594451,20
63773,590674,594440,20
63793,590654,594445,20
63811,590668,594428,20
63827,590696,594438,20
63841,590676,594459,20
63855,590667,594468,20
63869,590658,594475,20
63895,590741,594623,20
63911,590743,594675,20
63926,590771,594645,20
63940,590781,594660,20
63954,590773,594659,25
63970,590765,594655,25
63984,870769,876878,25
63999,870789,876885,25
64015,870816,876869,25
64030,870793,876874,25
64045,870817,876921,25
64061,870792,876876,25
64075,870857,876984,25
64089,870850,876989,25
64108,870872,876994,25
64123,870858,877002,25
64137,870854,877017,25
64151,870863,877019,25
64171,870759,876652,25
64189,870731,876619,25
64204,870704,876587,25
64219,870676,876541,25
64233,870684,876474,25
64249,870644,876455,25
64266,870514,876174,25
64281,870587,876343,25
64298,870553,876179,25
64320,870564,876249,25
64335,870533,876252,25
64350,870586,876243,25
64364,870560,876260,25
64383,870658,876442,25
64399,870625,876459,25
64414,870674,876443,25
64428,870648,876459,25
64443,870634,876460,25
64458,870642,876439,25
64472,870653,876503,25
64486,870656,876517,25
64506,870639,876519,25
64521,870679,876478,25
64536,870677,876509,25
64552,870664,876521,25
64567,870714,876579,25
64581,870654,876500,25
64595,870698,876591,25
64611,870698,876599,25
64627,870699,876612,25
64641,870727,876632,25
64655,870704,876618,25
64676,870788,876859,25
64691,870825,876844,25
64706,870818,876875,25
64723,870816,876887,25
64738,870812,876878,25
64752,870790,876897,25
64768,870803,876929,25
64784,870864,876978,25
64798,870863,876988,25
64812,870902,876987,25
64834,870874,877016,25
64849,870866,877023,25
64866,870916,877141,25
64882,870921,877163,25
64897,870895,877154,25
64913,870923,877139,25
64928,870927,877160,25
64943,870950,877116,25
64957,870924,877178,25
64971,870599,876330,25
64991,870616,876296,25
65006,870581,876255,25
65021,870588,876249,25
65040,870561,876233,25
65056,870572,876222,25
65071,870666,876477,25
65085,870690,876502,25
65099,870653,876492,25
65124,870657,876484,25
65140,870668,876539,25
65154,870686,876525,25
65168,870727,876640,25
65182,870731,876627,25
65197,870754,876621,25
65213,870716,876660,25
65229,870726,876656,25
65244,870715,876648,25
65258,870766,876624,25
65272,870682,876494,25
65287,870686,876475,25
65302,870680,876490,25
65316,870669,876497,25
65331,870678,876465,25
65354,870664,876477,25
65370,870702,876666,25
65384,870775,876678,25
65402,870746,876684,25
65418,870748,876691,25
65433,870726,876701,25
65448,870765,876700,25
65462,870853,876877,25
65477,870846,876896,25
65491,870821,876894,25
65505,870838,876893,25
65529,870837,876912,25
65544,870828,876915,25
65558,870857,876878,25
65573,870887,877016,25
65588,870906,877014,25
65602,870905,877021,25
65616,870890,877018,25
65631,870874,877034,25
65646,870896,877031,25
65660,870842,876789,25
65674,870770,876810,25
65698,870805,876742,25
65713,870788,876680,25
65727,870762,876652,25
65742,870708,876608,25
65757,870724,876592,25
65771,870508,876133,25
65785,870557,876155,25
65799,870549,876171,25
65819,870536,876183,25
65849,870545,876164,25
65864,870624,876378,25
65879,870636,876392,25
65893,870616,876377,25
65907,870629,876413,25
65922,870641,876408,25
65938,870626,876400,25
65953,870622,876410,25
65972,870635,876473,25
65988,870643,876462,25
66003,870640,876460,25
66017,870642,876488,25
66032,870620,876442,25
66047,870636,876433,25
66062,870650,876471,25
66076,870664,876480,25
66096,870674,876507,25
66111,870667,876505,25
66125,870691,876495,25
66150,870665,876523,25
66165,870745,876746,25
66179,870769,876703,25
66193,870785,876742,25
66207,870763,876741,25
66222,870786,876783,25
66236,870779,876765,25
66252,870819,876885,25
66267,870806,876900,25
66281,870803,876884,25
66295,870831,876900,25
66309,870840,876899,25
66324,870831,876888,25
66339,870834,876915,25
66355,870884,877043,25
66371,870892,877029,25
66385,870878,877040,25
66401,870886,877055,25
66417,870899,877041,25
66432,870888,877043,25
66454,870525,876120,25
66469,870512,876099,25
66483,870488,876081,25
66497,870477,876058,25
66512,870499,876027,25
66527,870483,876007,25
66541,870468,875980,25
66559,870560,876268,25
66574,870558,876220,25
66589,870549,876278,25
66606,870564,876284,25
66622,870567,876301,25
66637,870591,876285,25
66653,870575,876305,25
66668,870613,876366,25
66683,870592,876316,25
66697,870642,876398,25
66711,870610,876384,25
66731,870605,876375,25
66746,870600,876419,25
66761,870560,876343,25
66779,870586,876325,25
66795,870587,876341,25
66810,870592,876333,25
66824,870586,876341,25
66838,870594,876303,25
66853,870668,876499,25
66879,870675,876477,25
66894,870669,876528,25
66908,870681,876518,25
66929,870686,876533,25
66944,870686,876594,25
66958,870729,876745,25
66975,870766,876768,25
66991,870807,876767,25
67006,870778,876761,25
67020,870779,876844,25
67040,870781,876778,25
67055,870814,876876,25
67071,870792,876869,25
67087,870828,876856,25
67103,870835,876882,25
67117,870824,876878,25
67131,870807,876874,25
67145,870832,876917,25
67160,870882,877034,25
67176,870901,877038,25
67191,870904,877062,25
67205,870886,877034,25
67223,870894,877040,25
67238,870906,877059,25
67253,870543,876113,25
67268,870496,876098,25
67283,870514,876057,25
67298,870507,876060,25
67312,870513,876026,25
67326,870492,875993,25
67347,870577,876250,25
67362,870592,876271,25
67376,870587,876260,25
67393,870609,876285,25
67409,870606,876293,25
67423,870599,876291,25
67437,870605,876278,25
67451,870635,876359,25
67466,870622,876347,25
67482,870630,876355,25
67497,870630,876367,25
67512,870633,876435,25
67526,870634,876401,25
67546,870636,876341,25
67561,870639,876268,25
67576,870614,876315,25
67591,870610,876316,25
67606,870618,876315,25
67620,870589,876322,25
67634,870635,876318,25
67655,870685,876510,25
67670,870664,876478,25
67684,870686,876536,25
67700,870692,876519,25
67717,870687,876539,25
67732,870686,876537,25
67747,870779,876741,25
67761,870815,876741,25
67780,870779,876727,25
67796,870780,876701,25
67812,870774,876742,25
67826,870778,876761,25
67840,870827,876845,25
67855,870833,876801,25
67870,870824,876809,25
67885,870806,876835,25
67901,870833,876846,25
67917,870829,876853,25
67931,870838,876846,25
67946,870904,876990,25
67970,870904,876987,25
67985,870914,877021,25
68000,870893,877008,25
68015,870891,877001,25
68031,870880,877012,25
68046,870521,876101,25
68060,870531,876076,25
68080,870507,876034,25
68096,870494,876020,25
68111,870498,876046,25
68126,870486,876051,25
68141,870599,876332,25
68155,870518,876016,25
68170,870616,876331,25
68185,870629,876331,25
68204,870624,876349,25
68219,870629,876339,25
68233,870613,876325,25
68257,870677,876458,25
68272,870683,876458,25
68286,870673,876440,25
68301,870677,876452,25
68316,870650,876452,25
68330,870662,876435,25
68345,870619,876338,25
68359,870648,876340,25
68382,870619,876351,25
68397,870613,876380,25
68412,870629,876341,25
68426,870601,876338,25
68441,870706,876560,25
68455,870708,876571,25
68469,870767,876584,25
68483,870711,876561,25
68506,870716,876592,25
68521,870724,876637,25
68535,870698,876615,25
68554,870776,876776,25
68569,870797,876782,25
68583,870855,876774,25
68597,870785,876800,25
68613,870792,876770,25
68628,870799,876776,25
68643,870814,876816,25
68657,870849,876851,25
68677,870815,876855,25
68692,870833,876841,25
68708,870819,876888,25
68723,870848,876880,25
68739,870799,876756,25
68754,870752,876681,25
68768,870784,876693,25
68782,870757,876641,25
68796,870731,876615,25
68813,870734,876585,25
68828,870701,876493,25
68842,870489,876011,25
68862,870484,876008,25
68877,870495,876013,25
68891,870513,876044,25
68908,870493,876087,25
68923,870497,876087,25
68938,870518,876088,25
68953,870549,876243,30
68967,870562,876259,30
68987,870572,876235,30
69002,870594,876193,30
69016,870578,876259,30
69032,870579,876254,30
69048,1151082,1158984,30
69062,1151055,1158975,30
69076,1151069,1159017,30
69090,1151058,1158979,30
69105,1151061,1158988,30
69127,1151074,1158938,30
69144,1151006,1159004,30
69159,1151065,1159012,30
69173,1151074,1159021,30
69188,1151103,1158976,30
69204,1151057,1159037,30
69219,1151067,1159031,30
69234,1151180,1159282,30
69248,1151187,1159319,30
69263,1151205,1159332,30
69277,1151222,1159328,30
69291,1151219,1159349,30
69314,1151220,1159357,30
69332,1151274,1159536,30
69347,1151283,1159513,30
69361,1151270,1159535,30
69378,1151279,1159482,30
69393,1151268,1159533,30
69407,1151290,1159564,30
69422,1151292,1159535,30
69438,1151293,1159659,30
69452,1151368,1159647,30
69466,1151325,1159674,30
69480,1151337,1159668,30
69495,1151345,1159662,30
69509,1151308,1159679,30
69524,1151322,1159708,30
69544,1151213,1159312,30
69559,1151347,1159676,30
69573,1151168,1159200,30
69588,1151148,1159160,30
69605,1151103,1159137,30
69622,1151099,1158958,30
69637,1150864,1158541,30
69651,1150884,1158551,30
69666,1150883,1158564,30
69680,1150900,1158601,30
69694,1150908,1158591,30
69714,1150912,1158651,30
69730,1150970,1158770,30
69745,1151004,1158796,30
69761,1151008,1158802,30
69776,1150963,1158773,30
69790,1150974,1158814,30
69804,1150935,1158788,30
69820,1151001,1158822,30
69835,1151036,1158900,30
69851,1151024,1158893,30
69866,1151049,1158887,30
69886,1151013,1158885,30
69901,1151012,1158864,30
69915,1151025,1158880,30
69932,1151002,1158848,30
69947,1151023,1158930,30
69961,1151029,1158940,30
69975,1151025,1158947,30
69989,1151033,1158993,30
70004,1151064,1158997,30
70018,1151073,1158979,30
70034,1151174,1159282,30
70053,1151173,1159271,30
70068,1151161,1159261,30
70082,1151185,1159295,30
70098,1151186,1159281,30
70114,1151140,1159318,30
70129,1151238,1159492,30
70144,1151249,1159488,30
70160,1151244,1159502,30
70175,1151296,1159500,30
70190,1151290,1159508,30
70204,1151250,1159511,30
70218,1151272,1159553,30
70237,1151319,1159614,30
70258,1151300,1159613,30
70273,1151311,1159587,30
70287,1151310,1159635,30
70301,1151302,1159635,30
70316,1151303,1159643,30
70331,1151375,1159814,30
70347,1151388,1159803,30
70362,1151373,1159813,30
70379,1151382,1159761,30
70394,1151346,1159747,30
70408,1151358,1159767,30
70422,1151310,1159728,30
70443,1150842,1158400,30
70459,1150847,1158377,30
70474,1150839,1158418,30
70490,1150842,1158406,30
70505,1150832,1158428,30
70519,1150831,1158417,30
70539,1150974,1158799,30
70559,1150987,1158817,30
70574,1150972,1158802,30
70588,1150993,1158782,30
70603,1150962,1158818,30
70618,1150994,1158797,30
70632,1151024,1158906,30
70646,1150973,1158799,30
70662,1151015,1158898,30
70678,1151031,1158892,30
70693,1151029,1158908,30
70707,1151032,1158899,30
70724,1151004,1158899,30
70739,1150957,1158811,30
70755,1150975,1158807,30
70771,1150978,1158795,30
70792,1150980,1158847,30
70807,1150985,1158819,30
70821,1151097,1159066,30
70836,1151086,1159102,30
70852,1151076,1159070,30
70867,1151086,1159086,30
70889,1151102,1159102,30
70905,1151111,1159125,30
70920,1151216,1159337,30
70934,1151195,1159317,30
70948,1151191,1159346,30
70966,1151210,1159362,30
70981,1151230,1159366,30
70995,1151188,1159359,30
71017,1151248,1159452,30
71032,1151231,1159465,30
71046,1151263,1159508,30
71063,1151279,1159507,30
71078,1151238,1159477,30
71092,1151207,1159501,30
71106,1151277,1159486,30
71120,1151311,1159672,30
71145,1151338,1159682,30
71160,1151327,1159709,30
71176,1151315,1159699,30
71192,1151340,1159684,30
71207,1151340,1159684,30
71221,1150916,1158654,30
71235,1150970,1158616,30
71249,1150928,1158577,30
71265,1150919,1158561,30
71280,1150888,1158543,30
71294,1150868,1158518,30
71318,1150972,1158752,30
71333,1150952,1158708,30
71352,1150975,1158795,30
71368,1150986,1158801,30
71383,1150992,1158806,30
71397,1151026,1158853,30
71412,1150958,1158855,30
71427,1151052,1158945,30
71441,1151054,1158941,30
71455,1151044,1158954,30
71475,1151023,1158979,30
71490,1151027,1158961,30
71505,1151040,1158967,30
71519,1150947,1158805,30
71534,1150961,1158793,30
71551,1150965,1158795,30
71568,1151001,1158793,30
71583,1150990,1158840,30
71597,1150966,1158792,30
71612,1151093,1159041,30
71626,1151087,1159069,30
71640,1150993,1158812,30
71660,1151108,1159114,30
71676,1151087,1159112,30
71692,1151114,1159119,30
71708,1151131,1159132,30
71723,1151215,1159403,30
71738,1151219,1159373,30
71753,1151218,1159372,30
71769,1151207,1159398,30
71784,1151219,1159392,30
71799,1151209,1159388,30
71814,1151250,1159491,30
71829,1151217,1159525,30
71843,1151247,1159511,30
71857,1151275,1159501,30
71877,1151253,1159507,30
71893,1151276,1159497,30
71907,1151348,1159711,30
71923,1151345,1159694,30
71938,1151356,1159705,30
71953,1151350,1159682,30
71968,1151343,1159659,30
71985,1151318,1159673,30
72000,1150847,1158436,30
72019,1150839,1158446,30
72035,1150829,1158405,30
72050,1150825,1158406,30
72069,1150839,1158396,30
72085,1150816,1158355,30
72101,1150828,1158417,30
72115,1150980,1158812,30
72130,1150979,1158815,30
72145,1150984,1158858,30
72159,1150965,1158822,30
72173,1150997,1158819,30
72197,1151023,1158934,30
72213,1151091,1158958,30
72234,1151041,1158959,30
72250,1151038,1158957,30
72264,1151026,1158974,30
72278,1151016,1158953,30
72293,1151065,1158967,30
72310,1150994,1158855,30
72325,1151006,1158870,30
72339,1150977,1158839,30
72353,1151001,1158859,30
72368,1151011,1158857,30
72382,1151012,1158866,30
72402,1151107,1159135,30
72422,1151111,1159152,30
72437,1151111,1159178,30
72452,1151117,1159162,30
72467,1151110,1159183,30
72482,1151126,1159197,30
72497,1151237,1159452,30
72512,1151238,1159417,30
72527,1151236,1159434,30
72542,1151246,1159432,30
72557,1151240,1159448,30
72571,1151210,1159467,30
72586,1151242,1159477,30
72601,1151279,1159539,30
72616,1151270,1159570,30
72632,1151299,1159552,30
72649,1151313,1159560,30
72664,1151281,1159583,30
72678,1151301,1159586,30
72696,1151287,1159587,30
72719,1151363,1159732,30
72734,1151362,1159750,30
72752,1151361,1159754,30
72768,1151333,1159661,30
72782,1151312,1159676,30
72797,1150806,1158359,30
72812,1150819,1158360,30
72828,1150790,1158360,30
72842,1150806,1158354,30
72856,1150787,1158346,30
72876,1150805,1158321,30
72891,1150790,1158347,30
72907,1150945,1158766,30
72924,1150968,1158776,30
72939,1150993,1158745,30
72953,1150963,1158775,30
72967,1150956,1158780,30
72981,1150943,1158796,30
72996,1150987,1158895,30
73015,1150988,1158881,30
73032,1151001,1158887,30
73047,1151025,1158900,30
73062,1151006,1158898,30
73076,1151013,1158893,30
73090,1150969,1158784,30
73105,1150977,1158840,30
73121,1150949,1158806,30
73135,1150958,1158838,30
73159,1150969,1158816,30
73174,1150989,1158801,30
73188,1150985,1158852,30
73204,1151099,1159110,30
73223,1151104,1159116,30
73238,1151076,1159116,30
73253,1151087,1159115,30
73268,1151106,1159157,30
73283,1151123,1159139,30
73298,1151223,1159454,30
73314,1151225,1159439,30
73330,1151191,1159418,30
73345,1151228,1159429,30
73359,1151233,1159399,30
73373,1151229,1159465,30
73397,1151257,1159566,30
73413,1151279,1159592,30
73428,1151271,1159552,30
73448,1151281,1159575,30
73463,1151285,1159567,30
73477,1151261,1159590,30
73492,1151301,1159589,30
73507,1151348,1159773,30
73522,1151346,1159787,30
73538,1151371,1159755,30
73560,1151339,1159765,30
73575,1151351,1159762,30
73589,1150833,1158413,30
73603,1150812,1158436,30
73618,1150790,1158400,30
73634,1150827,1158390,30
73649,1150828,1158365,30
73663,1150806,1158320,30
73687,1150826,1158395,30
73702,1150962,1158806,30
73717,1150971,1158804,30
73732,1150960,1158762,30
73747,1150968,1158810,30
73761,1150962,1158812,30
73775,1150979,1158832,30
73789,1151015,1158936,30
73810,1151020,1158927,30
73826,1151049,1158932,30
73842,1151028,1158948,30
73856,1151024,1158962,30
73870,1151033,1158935,30
73885,1150977,1158831,30
73899,1151014,1158818,30
73922,1150983,1158849,30
73967,1150954,1158878,35
73982,1151015,1158869,35
73996,1432102,1705069,35
74010,1432114,1705061,35
74027,1432133,1705110,35
74042,1432103,1705105,35
74056,1432127,1705099,35
74070,1432151,1705124,35
74095,1432188,1705358,35
74110,1432257,1705361,35
74124,1432229,1705362,35
74147,1432240,1705397,35
74162,1432249,1705406,35
74176,1432252,1705378,35
74191,1432283,1705533,35
74206,1432295,1705530,35
74223,1432311,1705526,35
74239,1432310,1705544,35
74254,1432320,1705527,35
74275,1432274,1705557,35
74291,1432345,1705660,35
74305,1432318,1705598,35
74319,1432288,1705571,35
74336,1432325,1705523,35
74351,1432298,1705480,35
74367,1432258,1705385,35
74382,1431787,1704140,35
74397,1431766,1704211,35
74411,1431790,1704243,35
74425,1431772,1704234,35
74448,1431836,1704300,35
74463,1431804,1704280,35
74477,1431824,1704299,35
74494,1432008,1704741,35
74509,1431983,1704784,35
74523,1431984,1704768,35
74539,1432002,1704756,35
74554,1432024,1704764,35
74569,1432011,1704810,35
74583,1431980,1704785,35
74598,1432028,1704878,35
74618,1432019,1704871,35
74633,1432047,1704886,35
74649,1432036,1704866,35
74664,1432031,1704823,35
74679,1432031,1704823,35
74694,1431976,1704734,35
74708,1431985,1704769,35
74722,1431982,1704766,35
74746,1432022,1704794,35
74761,1432007,1704798,35
74775,1432015,1704803,35
74790,1432135,1705162,35
74806,1432140,1705149,35
74820,1432141,1705176,35
74835,1432159,1705179,35
74850,1432125,1705182,35
74865,1432161,1705214,35
74879,1432170,1705195,35
74893,1432245,1705390,35
74915,1432243,1705388,35
74930,1432262,1705384,35
74946,1432242,1705404,35
74962,1432212,1705407,35
74977,1432208,1705452,35
74991,1432333,1705618,35
75005,1432297,1705628,35
75019,1432310,1705603,35
75043,1432321,1705645,35
75058,1432326,1705662,35
75076,1432314,1705633,35
75092,1431771,1704177,35
75106,1431769,1704194,35
75120,1431759,1704155,35
75134,1431735,1704118,35
75149,1431730,1704106,35
75168,1431779,1704073,35
75183,1431724,1704103,35
75203,1431880,1704560,35
75218,1431888,1704536,35
75232,1431873,1704612,35
75247,1431904,1704586,35
75263,1431922,1704607,35
75278,1431950,1704768,35
75304,1431974,1704739,35
75320,1431959,1704754,35
75335,1431969,1704744,35
75350,1431964,1704775,35
75365,1431958,1704762,35
75383,1431912,1704606,35
75398,1431880,1704594,35
75412,1431922,1704594,35
75426,1431907,1704593,35
75446,1431921,1704591,35
75462,1431924,1704598,35
76409,1432147,1705248,35
76424,1432163,1705247,35
76438,1432161,1705239,35
76452,1432168,1705285,35
76467,1432162,1705282,35
76484,1432235,1705448,35
76499,1432227,1705441,35
76524,1432224,1705457,35
76539,1432223,1705459,35
76553,1432192,1705478,35
76568,1432279,1705484,35
76585,1431976,1704763,35
76602,1431917,1704641,35
76617,1431903,1704565,35
76632,1431869,1704504,35
76653,1431823,1704386,35
76809,1431837,1704455,35
76823,1431830,1704465,35
76837,1431838,1704482,35
76851,1431853,1704466,35
76866,1431838,1704491,35
76880,1431857,1704505,35
76894,1431852,1704506,35
76916,1431841,1704492,35
76948,1431840,1704489,35
76963,1431837,1704462,35
76977,1431903,1704634,35
76994,1431909,1704617,35
77009,1431896,1704637,35
77023,1431906,1704619,35
77037,1431915,1704671,35
77059,1431915,1704681,35
77221,1432142,1705229,35
77236,1432140,1705222,35
77250,1432116,1705208,35
77265,1432159,1705268,35
77280,1432231,1705420,35
77295,1432241,1705442,35
77310,1432237,1705453,35
77332,1432244,1705468,35
77347,1432214,1705457,35
77362,1432238,1705469,35
77376,1431821,1704399,35
77390,1431772,1704298,35
77406,1431781,1704233,35
77422,1431705,1704188,35
77436,1431728,1704145,35
77457,1431714,1704092,35
77472,1431816,1704390,35
77486,1431805,1704412,35
77501,1431790,1704395,35
77517,1431820,1704402,35
77532,1431856,1704426,35
77546,1431839,1704434,35
77560,1431873,1704411,35
77578,1431920,1704609,35
77733,1431863,1704434,35
77748,1431855,1704495,35
77762,1431863,1704474,35
77776,1431965,1704742,35
77791,1431968,1704778,35
77807,1431931,1704743,35
77822,1432000,1704791,35
77844,1431993,1704795,35
77864,1431987,1704833,35
77881,1432115,1705104,35
77896,1432111,1705146,35
77910,1432115,1705110,35
77926,1432083,1705112,35
77941,1432149,1705125,35
77955,1432136,1705161,35
77969,1432178,1705248,35
77989,1432179,1705264,35
78004,1432196,1705273,35
78019,1432199,1705258,35
78035,1432190,1705295,35
78050,1432187,1705281,35
78064,1432183,1705227,35
78079,1432213,1705377,35
78094,1432224,1705330,35
78357,1431844,1704427,35
78372,1431913,1704606,35
78386,1431932,1704600,35
78400,1431916,1704549,35
78416,1431928,1704621,35
78432,1431922,1704592,35
78447,1431906,1704584,35
78467,1431883,1704498,35
78484,1431907,1704549,35
78499,1431916,1704579,35
78513,1431931,1704575,35
78527,1431901,1704615,35
78543,1431922,1704623,35
78559,1431929,1704622,35
78573,1432049,1704942,35
78593,1432066,1704957,35
78764,1432234,1705423,35
78779,1432281,1705414,35
78793,1432256,1705425,35
78807,1432230,1705446,35
78822,1432254,1705400,35
78838,1432263,1705436,35
78853,1432264,1705463,35
78874,1432254,1705335,35
78892,1432235,1705322,35
78907,1432190,1705251,35
78921,1432166,1705213,35
78935,1432157,1705127,35
78950,1432197,1705120,35
78965,1432124,1705022,40
78980,1431725,1704035,40
78994,1431714,1707831,40
79013,1450226,1724862,40
79029,1712030,1986658,40
79044,1712050,1986674,40
79060,1712063,1986696,40
79075,1712211,1987014,40
79089,1712202,1987024,40
79103,1712200,1987034,40
79117,1712182,1986995,40
79374,1712390,1987565,40
79388,1712382,1987562,40
79402,1712432,1987574,40
79417,1712417,1987579,40
79432,1712413,1987551,40
79447,1712416,1987600,40
79463,1712552,1987899,40
79481,1712485,1987907,40
79518,1712550,1987899,40
79533,1712550,1987898,40
79547,1712530,1987903,40
79563,1712601,1988067,40
79578,1712611,1988058,40
79592,1712584,1988076,40
79606,1712663,1988084,40
79627,1712626,1988080,40
79884,1712037,1986585,40
79899,1712062,1986599,40
79914,1712084,1986639,40
79928,1712077,1986659,40
79943,1712092,1986690,40
79957,1712200,1987003,40
79972,1712216,1986991,40
79994,1712185,1986985,40
80009,1712191,1986993,40
80024,1712219,1986990,40
80039,1712198,1986982,40
80053,1712216,1987014,40
80068,1712226,1987084,40
80083,1712257,1987091,40
80098,1712235,1987092,40
80112,1712225,1987061,40
80126,1712244,1987037,40
80146,1712235,1987057,40
80161,1712236,1987008,40
80176,1712286,1987209,40
80191,1712302,1987209,40
80206,1712303,1987220,40
80221,1712266,1987272,40
80399,1712610,1988037,40
80414,1712634,1988055,40
80428,1712635,1988038,40
80442,1712619,1988065,40
80457,1712608,1988044,40
80472,1712698,1988209,40
80490,1712722,1988224,40
80512,1712764,1988199,40
80527,1712710,1988292,40
80541,1712730,1988265,40
80556,1712612,1987912,40
80571,1712579,1987821,40
80585,1712537,1987768,40
80601,1712513,1987689,40
80616,1712513,1987635,40
80636,1712479,1987496,40
80908,1712387,1987309,40
80923,1712384,1987290,40
80937,1712395,1987287,40
80953,1712365,1987269,40
80968,1712363,1987352,40
80982,1712358,1987321,40
80997,1712381,1987347,40
81018,1712405,1987392,40
81033,1712404,1987334,40
81047,1712409,1987445,40
81062,1712549,1987757,40
81076,1712579,1987758,40
81090,1712542,1987769,40
81105,1712549,1987774,40
81120,1712587,1987799,40
81141,1712587,1987792,40
81162,1712625,1987965,40
81177,1712645,1987980,40
81192,1712626,1987975,40
81207,1712633,1987999,40
81222,1712615,1987989,40
81236,1712648,1987993,40
81250,1712637,1988007,40
81272,1712746,1988268,40
81287,1712694,1988225,40
81302,1712747,1988225,40
81318,1712725,1988279,40
81333,1712735,1988251,40
81348,1712757,1988236,40
81362,1712119,1986570,40
81376,1712132,1986543,40
81399,1712044,1986486,40
81625,1712354,1987264,40
81640,1712365,1987279,40
81655,1712300,1987283,40
81669,1712277,1987070,40
81685,1712279,1987089,40
81699,1712288,1987081,40
81714,1712274,1987097,40
81737,1712275,1987099,40
81752,1712418,1987485,40
81766,1712415,1987463,40
81782,1712469,1987477,40
81797,1712430,1987515,40
81813,1712443,1987538,40
81830,1712449,1987586,40
81844,1712416,1987550,40
81859,1712581,1987902,40
81873,1712603,1987901,40
81887,1712575,1987889,40
81910,1712588,1987914,40
81926,1712612,1987941,40
81941,1712611,1987953,40
81956,1712659,1988133,40
81970,1712695,1988112,40
81984,1712665,1988126,40
82000,1712675,1988080,40
82014,1712666,1988152,40
82036,1712688,1988155,40
82141,1712460,1987600,40
82156,1712002,1986363,40
82170,1712007,1986394,40
82184,1711966,1986421,40
82199,1712020,1986400,40
82216,1712011,1986455,40
82232,1712021,1986473,40
82252,1712172,1986937,40
82300,1712214,1986853,40
82315,1712208,1986917,40
82329,1712197,1986909,40
82345,1712205,1986913,40
82361,1712257,1987059,40
82375,1712258,1987057,40
82389,1712253,1987067,40
82410,1712242,1987066,40
82426,1712241,1987048,40
82442,1712228,1987071,40
82457,1712201,1986942,40
82472,1712219,1986989,40
82487,1712181,1986970,40
82502,1712220,1987013,40
82516,1712214,1987041,40
82533,1712222,1987015,40
82748,1712573,1987860,40
82763,1712624,1988048,40
82777,1712648,1988087,40
82791,1712604,1988115,40
82806,1712670,1988071,40
82820,1712641,1988098,40
82834,1712649,1988094,40
82855,1712479,1987682,40
82871,1712472,1987573,40
82885,1712424,1987508,40
82903,1712414,1987432,40
82919,1712293,1987289,40
82934,1712310,1987197,40
82949,1711978,1986372,40
82963,1711987,1986362,40
82978,1711999,1986411,40
82992,1712008,1986418,40
83006,1712013,1986460,40
83025,1712016,1986482,40
83041,1712018,1986470,40
83056,1712159,1986832,40
83071,1712162,1986861,40
83087,1712169,1986835,40
83101,1712161,1986835,40
83261,1712224,1987000,40
83276,1712228,1987026,40
83290,1712248,1987002,40
83304,1712224,1987053,40
83319,1712241,1987018,40
83336,1712224,1987064,40
83351,1712195,1987094,40
83372,1712398,1987490,40
83387,1712404,1987516,40
83401,1712421,1987494,40
83415,1712408,1987520,40
83429,1712417,1987548,40
83446,1712478,1987744,40
83462,1712476,1987752,40
83477,1712535,1987746,40
83496,1712515,1987769,40
83514,1712513,1987784,40
83529,1712508,1987775,40
83543,1712612,1988028,40
83560,1712617,1988066,40
83579,1712635,1988037,40
83594,1712621,1988063,40
83608,1712606,1988067,40
83626,1712617,1988047,40
83980,1712098,1986692,45
83995,1712107,1986713,45
84010,1712095,1986686,45
84024,1712110,1986723,45
84039,1992781,2270011,45
84053,1992799,2269990,45
84068,1992754,2270020,45
84090,1992810,2270018,45
84105,1992807,2270038,45
84119,1992809,2270028,45
84133,1992821,2270105,45
84147,1992954,2270417,45
84164,1992959,2270430,45
84179,1992989,2270455,45
84193,1992995,2270446,45
84210,1992953,2270428,45
84225,1992975,2270490,45
84239,1993000,2270460,45
84254,1993098,2270785,45
84269,1993098,2270738,45
84286,1993097,2270763,45
84300,1993101,2270767,45
84315,1993001,2270506,45
84336,1992518,2269186,45
84378,1992449,2268974,45
84393,1992415,2268938,45
84407,1992391,2268903,45
84421,1992381,2268822,45
84436,1992363,2268776,45
84451,1992409,2269001,45
84465,1992429,2269029,45
84489,1992446,2269042,45
84504,1992416,2269059,45
84518,1992434,2269083,45
84532,1992527,2269339,45
84547,1992544,2269362,45
84562,1992599,2269359,45
84579,1992566,2269354,45
84594,1992562,2269386,45
84696,1992560,2269426,45
84712,1992559,2269369,45
84726,1992670,2269658,45
84740,1992651,2269699,45
84754,1992716,2269688,45
84770,1992670,2269704,45
84785,1992694,2269723,45
84807,1992695,2269738,45
85104,1992565,2269271,45
85119,1992542,2269225,45
85133,1992331,2268785,45
85147,1992325,2268809,45
85162,1992377,2268818,45
85176,1992397,2268824,45
85193,1992393,2268881,45
85215,1992397,2268952,45
85230,1992497,2269275,45
85244,1992540,2269333,45
85258,1992537,2269322,45
85272,1992551,2269345,45
85290,1992590,2269337,45
85305,1992555,2269368,45
85319,1992567,2269400,45
85339,1992609,2269370,45
85355,1992563,2269365,45
85369,1992560,2269367,45
85384,1992592,2269358,45
85400,1992571,2269348,45
85415,1992559,2269380,45
85430,1992653,2269570,45
85445,1992664,2269556,45
85465,1992665,2269539,45
85502,1992674,2269595,45
85517,1992693,2269614,45
85531,1992850,2270031,45
85546,1992816,2270060,45
85561,1992872,2270060,45
85575,1992852,2270077,45
85589,1992723,2269701,45
85611,1992865,2270100,45
85627,1992982,2270355,45
85641,1992987,2270378,45
85656,1992998,2270378,45
85671,1992980,2270405,45
85686,1992998,2270395,45
85701,1992989,2270421,45
85716,1993044,2270434,45
85926,1992502,2269220,45
85940,1992515,2269211,45
85954,1992509,2269285,45
85969,1992479,2269264,45
85984,1992530,2269277,45
85999,1992534,2269306,45
86015,1992560,2269276,45
86033,1992551,2269392,45
86048,1992579,2269346,45
86125,1992603,2269476,45
86140,1992614,2269490,45
86154,1992658,2269495,45
86168,1992636,2269532,45
86183,1992645,2269540,45
86197,1992639,2269553,45
86218,1992626,2269553,45
86538,1992203,2268422,45
86553,1992211,2268455,45
86567,1992202,2268472,45
86582,1992234,2268463,45
86597,1992226,2268562,45
86613,1992412,2268992,45
86628,1992430,2269000,45
86650,1992396,2268984,45
86665,1992416,2269010,45
86679,1992432,2269009,45
86693,1992438,2269000,45
86707,1992413,2269020,45
86724,1992522,2269278,45
86739,1992534,2269272,45
86753,1992505,2269289,45
86768,1992520,2269273,45
86783,1992510,2269245,45
86797,1992511,2269258,45
86811,1992513,2269251,45
86832,1992532,2269281,45
86847,1992530,2269319,45
86861,1992544,2269327,45
86876,1992547,2269335,45
86892,1992586,2269322,45
86948,1992760,2269892,45
86963,1992779,2269920,45
86977,1992747,2269925,45
86994,1992792,2269942,45
87010,1992797,2269897,45
87025,1992943,2270334,45
87042,1992931,2270324,45
87058,1992941,2270345,45
87073,1992947,2270366,45
87087,1992927,2270354,45
87101,1992944,2270359,45
87122,1993049,2270595,45
87137,1993079,2270647,45
87152,1993050,2270651,45
87166,1993070,2270645,45
87182,1993078,2270658,45
87196,1993087,2270679,45
87210,1992980,2270350,45
87224,1992938,2270296,45
87244,1992892,2270189,45
87562,1992569,2269448,45
87576,1992512,2269403,45
87590,1992547,2269402,45
87605,1992573,2269429,45
87620,1992564,2269468,45
87637,1992610,2269463,45
87652,1992584,2269499,45
87673,1992566,2269521,45
87689,1992560,2269531,45
87703,1992805,2270005,45
87717,1992819,2270038,45
87731,1992840,2270032,45
87748,1992816,2270065,45
87764,1992817,2270074,45
87779,1992831,2270104,45
87796,1992948,2270474,45
87811,1992981,2270451,45
87825,1992945,2270466,45
87840,1992977,2270462,45
87856,1992981,2270523,45
87871,1992952,2270488,45
87886,1992977,2270511,45
87901,1993048,2270690,45
87922,1993038,2270663,45
87969,1993087,2270745,45
87984,1993096,2270716,45
87998,1993088,2270764,45
88013,1993002,2270509,45
88028,1992964,2270341,45
88042,1992918,2270330,45
88056,1992914,2270203,45
88078,1992876,2270111,45
88093,1992826,2270040,45
88107,1992209,2268613,45
88121,1992239,2268599,45
88136,1992247,2268580,45
88151,1992271,2268622,45
88167,1992264,2268637,45
88182,1992281,2268685,45
88202,1992462,2269178,45
88487,1992576,2269442,45
88502,1992766,2269934,45
88516,1992766,2269963,45
88530,1992752,2269991,45
88545,1992804,2269969,45
88560,1992807,2269992,45
88578,1992792,2269975,45
88600,1992938,2270351,45
88615,1992939,2270322,45
88629,1992921,2270345,45
88644,1992912,2270281,45
88661,1992939,2270345,45
88676,1992936,2270369,45
88692,1993064,2270606,45
88706,1993021,2270641,45
88726,1993049,2270616,45
88741,1993045,2270639,45
88755,1993046,2270621,45
88771,1993061,2270660,45
88786,1993068,2270686,45
88801,1992758,2269803,45
88815,1992774,2269756,45
88829,1992696,2269665,45
88850,1992616,2269490,45
88888,1992571,2269298,45
88903,1992350,2268843,45
88917,1992371,2268886,45
88932,1992408,2268911,45
88947,1992379,2268954,45
88962,1992410,2268961,45
88983,1992410,2269027,50
88998,2274017,2552856,50
89203,2274039,2553032,50
89218,2274029,2553044,50
89232,2274025,2553062,50
89247,2274039,2553067,50
89262,2274033,2553109,50
89276,2274077,2553141,50
89291,2274272,2553615,50
89315,2274280,2553673,50
89330,2274267,2553656,50
89344,2274289,2553682,50
89359,2274285,2553699,50
89374,2274307,2553696,50
89392,2274282,2553704,50
89407,2274364,2553948,50
89421,2274384,2554008,50
89440,2274428,2553985,50
89456,2274422,2554006,50
89470,2274413,2554054,50
89486,2274342,2554044,50
89501,2274450,2554100,50
89515,2274426,2554055,50
89531,2274432,2553966,50
89547,2274347,2553856,50
89566,2274324,2553820,50
89614,2273610,2551888,50
89629,2273580,2551878,50
89643,2273587,2551917,50
89658,2273592,2551915,50
89673,2273594,2551922,50
89687,2273616,2551994,50
89706,2274000,2552830,50
89726,2274030,2552799,50
89742,2273993,2552824,50
89756,2273999,2552818,50
89771,2274005,2552821,50
89787,2274043,2552836,50
89802,2274187,2553166,50
89818,2274153,2553137,50
89833,2274165,2553167,50
90023,2274522,2553953,50
90038,2274516,2553958,50
90052,2274528,2553996,50
90067,2274540,2554041,50
90082,2274564,2554044,50
90096,2274841,2554654,50
90111,2274865,2554704,50
90133,2274873,2554719,50
92423,2275305,2817824,50
92438,2275302,2817844,50
92452,2275312,2817858,50
92466,2275308,2817854,50
92482,2275397,2818036,50
92496,2275331,2818048,50
92511,2275395,2818047,50
92530,2275411,2818065,50
92546,2275378,2818035,50
92561,2275396,2818084,50
92577,2275445,2818236,50
92591,2275461,2818163,50
92605,2275424,2818113,50
92619,2275413,2818085,50
92634,2275361,2818001,50
92655,2275283,2817871,50
92895,2274867,2816701,50
92909,2274870,2816743,50
92923,2274855,2816748,50
92938,2274863,2816738,50
92953,2274849,2816717,50
92969,2274823,2816668,50
92984,2274733,2816517,50
93004,2274745,2816545,50
93020,2274785,2816522,50
93034,2274767,2816546,50
93048,2274775,2816573,50
93064,2274786,2816563,50
93079,2274972,2817112,50
93095,2274994,2817141,50
93110,2275022,2817177,50
93129,2274980,2817197,50
93145,2275045,2817190,50
93159,2275001,2817228,50
93177,2275174,2817703,50
93193,2275145,2817635,50
93207,2275182,2817698,50
93221,2275205,2817678,50
93235,2275170,2817699,50
93256,2275205,2817681,50
93422,2274953,2817124,50
93437,2274951,2817047,50
93451,2274899,2816987,50
93465,2274851,2816867,50
93480,2274429,2815767,50
93496,2274422,2815772,50
93511,2274445,2815808,50
93531,2274465,2815868,50
93547,2274493,2815912,50
93561,2274494,2815981,50
93576,2274497,2815983,50
93591,2274714,2816572,50
93606,2274678,2816576,50
93620,2274755,2816570,50
93634,2274733,2816575,50
93707,2274772,2816764,50
93722,2274787,2816737,50
93736,2274760,2816745,50
93750,2274746,2816736,50
93765,2274734,2816728,50
93781,2274759,2816848,50
93795,2274757,2816842,50
93817,2274803,2816888,50
93832,2274829,2816912,50
93910,2275087,2817715,50
93924,2275032,2817724,50
93944,2275093,2817784,50
93960,2275108,2817795,50
93974,2275139,2817791,50
93992,2275298,2818228,5
94008,2275284,2818282,5
94022,2275285,2818272,5
94036,2275304,2818298,5
94050,2228224,2785280,5
94070,1392640,1949696,5
94086,13703,13162,5
94101,13715,13166,5
94117,13700,13176,5
94134,13708,13200,5
94149,13694,13193,5
94163,13681,13135,5
94177,13683,13225,5
94198,13720,13205,5
94217,13708,13187,5
94232,13732,13178,5
94246,13700,13176,5
94261,13697,13166,5
94276,13646,13031,5
94290,13645,13009,5
94314,13662,13062,5
94337,13661,13033,5
94352,13663,13043,5
94366,13650,13018,5
94381,13694,13114,5
94396,13672,13133,5
94411,13712,13107,5
94427,13682,13107,5
94448,13668,13125,5
94463,13683,13139,5
94477,13695,13149,5
94491,13698,13119,5
94507,13686,13138,5
94523,13696,13137,5
94539,13715,13116,5
94553,13684,13143,5
94568,13701,13121,5
94583,13663,13144,5
94600,13745,13130,5
94616,13707,13133,5
94631,13689,13160,5
94650,13678,13167,5
94666,13675,13137,5
94681,13723,13173,5
96931,13700,13198,5
96946,13705,13195,5
96961,13718,13209,5
96976,13685,13184,5
96991,13713,13206,5
97005,13713,13189,5
97019,13711,13190,5
97041,13705,13211,5
97056,13730,13250,5
97070,13761,13263,5
97086,13708,13246,5
97101,13744,13262,5
97115,13715,13210,5
97130,13719,13257,5
97145,13703,13250,5
97168,13747,13286,5
97392,13754,13253,5
97406,13740,13253,5
97420,13719,13230,5
97435,13708,13231,5
97450,13671,13088,5
97464,13681,13141,5
97480,13693,13134,5
97502,13698,13150,5
97518,13630,13148,5
97532,13698,13144,5
97546,13701,13213,5
97562,13706,13197,5
97577,13714,13221,5
97593,13687,13195,5
97607,13700,13202,5
97630,13722,13203,5
97645,13684,13222,5
97660,13703,13223,5
97674,13716,13210,5
97692,13694,13253,5
97707,13666,13227,5
97720,13692,13228,5
97735,13706,13196,5
97757,13717,13261,5
97772,13667,13233,5
97788,13697,13228,5
97803,13696,13248,5
97818,13664,13230,5
97833,13706,13213,5
97847,13732,13258,5
97861,13736,13241,5
97883,13728,13258,5
97898,13720,13267,5
98109,13762,13331,5
98124,13732,13316,5
98138,13740,13322,5
98153,13776,13336,5
98168,13749,13329,5
98184,13785,13307,5
98199,13737,13326,5
98214,13726,13319,5
98238,13728,13288,5
98253,13720,13160,5
98267,13681,13171,5
98281,13691,13207,5
98297,13685,13135,5
98312,13671,13171,5
98326,13683,13195,5
98340,13721,13238,5
98361,13703,13256,5
98376,13722,13250,5
98390,13731,13250,5
98404,13718,13252,5
98420,13703,13270,5
98435,13744,13274,5
98449,13716,13260,5
98463,13712,13280,5
98477,13709,13281,5
98619,13756,13236,5
98634,13714,13252,5
98648,13726,13295,5
98663,13731,13301,5
98678,13724,13298,5
98692,13728,13290,5
98707,13732,13305,5
98728,13762,13308,5
98744,13756,13331,5
98758,13747,13331,5
98772,13764,13356,5
98786,13708,13338,5
98801,13733,13332,5
98819,13750,13332,5
