ts,red_raw,ir_raw,red_f,ir_f,bpm,spo2
27755,1152439,1413715,83.02,210.96,0.0,100
27777,1152446,1413728,81.45,209.14,0.0,100
27798,1152419,1413707,80.09,207.04,0.0,100
27819,1152462,1413739,77.84,203.29,0.0,100
27841,1152476,1413784,75.37,198.15,0.0,100
27862,1152485,1413795,73.96,194.83,0.0,100
27883,1152453,1413820,75.2,195.5,0.0,100
27914,1152504,1413954,76.95,197.24,0.0,100
27936,1152527,1413958,80.16,202.4,0.0,100
27959,1152530,1414017,84.52,209.1,0.0,100
27982,1152561,1414014,89.43,217.67,0.0,100
28003,1152697,1414339,92.93,222.68,0.0,100
28024,1152695,1414346,97.43,229.95,0.0,100
28045,1152695,1414337,101.59,236.77,0.0,100
28066,1152689,1414340,104.89,241.93,0.0,100
28096,1152761,1414508,106.69,244.23,0.0,100
28117,1152706,1414360,109.04,248.49,0.0,100
28139,1152759,1414494,110.38,250.71,0.0,100
28164,1152776,1414498,111.16,252.95,0.0,100
28186,1152987,1415052,109.91,249.12,0.0,100
28207,1153006,1415070,109.46,247.24,0.0,100
28228,1153022,1415067,109.16,245.44,0.0,100
28249,1153008,1415079,108.74,242.31,0.0,100
28270,1153095,1415130,106.82,237.47,0.0,100
28300,1153109,1415283,104.44,229.81,0.0,100
28322,1153085,1415278,101.32,220.71,0.0,100
28344,1153123,1415253,97.0,210.43,0.0,100
28368,1153092,1415320,92.49,198.62,0.0,100
28389,1153093,1415284,88.47,188.81,0.0,100
28410,1153086,1415319,85.14,180.11,0.0,100
28431,1153046,1415269,82.67,173.4,0.0,100
28452,1153085,1415363,79.69,166.19,0.0,100
28484,1153168,1415448,75.04,157.21,0.0,100
28506,1153175,1415436,69.27,145.2,0.0,100
28527,1153165,1415466,61.53,127.81,0.0,100
28549,1153254,1415691,51.3,105.02,0.0,100
28573,1153254,1415722,40.8,82.28,0.0,100
28594,1153226,1415699,30.34,60.35,0.0,100
28615,1153253,1415669,19.21,38.75,0.0,100
28636,1153238,1415674,8.64,17.25,0.0,100
28657,1153392,1415962,-2.58,-5.77,0.0,100
28686,1153373,1415991,-11.47,-25.08,0.0,100
28707,1153413,1416011,-18.62,-40.45,0.0,100
28729,1153437,1416250,-24.17,-55.19,0.0,100
28753,1153493,1416324,-28.52,-66.43,0.0,100
28776,1153507,1416288,-31.47,-73.76,0.0,100
28797,1153518,1416338,-33.87,-79.56,0.0,100
28821,1153531,1416353,-36.11,-83.66,0.0,100
28843,1153711,1416754,-39.67,-90.33,0.0,100
28865,1153727,1416766,-41.8,-94.04,0.0,100
28886,1153723,1416786,-42.56,-95.77,0.0,100
28907,1153742,1416777,-42.5,-95.66,0.0,100
28927,1153882,1417178,-42.66,-97.04,0.0,100
28949,1153882,1417176,-40.42,-92.46,0.0,100
28980,1153906,1417201,-38.58,-87.06,0.0,100
29002,1153890,1417195,-37.22,-83.61,0.0,100
29023,1153712,1416800,-32.36,-72.48,103.4,100
29046,1153741,1416833,-30.02,-67.57,102.8,100
29067,1153743,1416822,-25.31,-58.2,99.6,100
29088,1153723,1416830,-20.7,-49.47,96.8,100
29109,1153904,1417216,-19.72,-48.65,94.6,100
29130,1153911,1417251,-18.52,-46.7,93.1,100
29151,1153913,1417241,-16.9,-42.75,91.8,100
29182,1153921,1417273,-18.03,-44.96,90.6,99.9
29204,1154129,1417771,-23.74,-57.0,89.6,99.9
29226,1154155,1417761,-27.93,-65.03,88.9,99.9
29248,1154173,1417775,-33.33,-75.59,88.2,99.5
29269,1154169,1417802,-39.96,-90.36,87.7,99.6
29289,1154370,1418240,-48.53,-109.36,84.8,99.6
29310,1154359,1418240,-53.67,-120.99,82.5,99.6
29332,1154387,1418255,-52.88,-118.82,88.2,99.2
29362,1154397,1418275,-48.89,-109.32,87.5,99.0
29384,1154669,1419055,-44.4,-101.11,86.9,99.5
29406,1154693,1419053,-38.17,-86.82,86.4,99.5
29427,1154712,1419082,-30.95,-70.91,86.3,99.4
29448,1154711,1419063,-23.95,-55.67,91.2,99.4
29470,1155016,1419850,-19.98,-48.55,91.2,99.8
29491,1155000,1419854,-14.32,-37.2,91.2,99.8
29512,1155047,1419877,-8.65,-24.15,91.2,99.6
29533,1155044,1419887,-4.02,-13.04,91.2,99.5
29564,1155384,1420753,-2.28,-9.09,91.2,99.8
29586,1155401,1420779,1.64,1.87,91.2,99.5
29608,1155419,1420807,7.7,18.0,91.2,99.4
29630,1155408,1420842,13.84,33.74,95.2,99.5
29650,1155746,1421633,16.67,42.05,95.2,99.9
29671,1155751,1421667,21.32,55.24,95.2,99.8
29692,1155752,1421661,27.26,70.88,98.4,99.8
29713,1155754,1421663,32.53,83.94,98.7,100.0
29744,1155453,1421008,41.41,105.49,88.8,100
29765,1155463,1421034,47.0,119.59,80.7,100
29787,1155471,1421047,52.2,132.45,74.3,100
29809,1155500,1421066,54.72,139.48,68.9,100
29831,1155475,1421061,55.96,142.72,64.7,100
29851,1155706,1421636,53.66,138.06,61.4,100
29872,1155720,1421654,51.33,132.79,58.8,100
29893,1155717,1421652,45.8,120.7,56.7,100
29914,1155734,1421686,38.22,103.14,55.1,100
29946,1155847,1421957,26.32,75.37,53.7,100
29967,1155835,1421993,11.9,40.6,52.7,100
29989,1155830,1421982,-5.51,-1.23,51.8,100
30011,1155838,1421958,-24.14,-45.44,51.1,100
30033,1155849,1422014,-40.33,-84.46,50.6,100
30054,1155851,1422045,-51.51,-111.58,50.1,100
30075,1155844,1422034,-55.94,-122.71,49.8,100
30096,1155846,1422018,-55.85,-123.07,49.5,100
30127,1155920,1422190,-53.77,-119.06,49.3,100
30149,1155915,1422193,-50.98,-113.14,49.1,100
30170,1155908,1422178,-48.22,-107.53,49.0,100
30192,1155870,1422160,-46.59,-105.36,48.8,100
30215,1155710,1421656,-44.87,-100.62,48.8,100
30236,1155696,1421610,-45.25,-101.32,48.8,100
30257,1155692,1421581,-46.3,-103.47,48.9,100
30278,1155693,1421580,-47.95,-107.64,49.0,100
30299,1155662,1421517,-49.22,-111.68,49.0,100
30326,1155373,1420930,-46.26,-106.94,49.0,100
30348,1155405,1420904,-47.08,-109.59,49.1,100
30369,1155393,1420932,-48.46,-115.1,49.1,100
30391,1155068,1420119,-47.33,-114.01,49.1,100
30413,1155017,1420069,-49.2,-121.54,49.3,100
30435,1155010,1420049,-52.96,-132.94,57.1,100
30456,1154995,1419991,-58.51,-148.04,63.3,100
30477,1154986,1419998,-65.25,-166.75,68.3,100
30507,1154758,1419497,-69.8,-180.17,72.3,100
30529,1154792,1419482,-77.01,-198.48,75.5,100
30550,1154764,1419504,-82.99,-214.1,78.0,100
30572,1154705,1419340,-88.7,-226.53,80.1,100
30593,1154704,1419298,-95.11,-240.03,81.7,100
30617,1154748,1419286,-101.73,-252.01,81.7,100
30639,1154697,1419275,-105.42,-259.68,81.7,100
30668,1154519,1418862,-105.14,-258.21,81.7,100
30690,1154513,1418812,-103.76,-253.42,81.7,100
30711,1154559,1418781,-101.65,-244.84,81.7,100
30734,1154428,1418762,-94.43,-228.78,81.7,100
30759,1154505,1418756,-86.49,-208.98,81.7,100
30782,1154450,1418685,-77.72,-189.24,81.7,100
30806,1154451,1418688,-68.11,-167.44,81.7,100
30829,1154457,1418672,-56.82,-141.95,81.7,100
30851,1154497,1418764,-45.1,-115.36,81.7,100
30872,1154500,1418801,-33.36,-89.45,81.7,100
30893,1154523,1418754,-23.5,-66.1,81.7,100
30915,1154510,1418772,-14.37,-45.28,81.7,100
30936,1154467,1418744,-5.24,-23.76,81.7,100
30957,1154439,1418683,3.32,-3.32,81.7,100
30978,1154450,1418639,11.62,18.36,81.7,100
30999,1154434,1418629,21.35,43.13,81.7,100
31027,1154479,1418747,30.64,66.87,81.7,100
31049,1154463,1418643,40.66,92.59,81.7,100
31071,1154472,1418706,49.71,114.35,81.7,100
31093,1154452,1418723,59.2,136.04,81.7,100
31115,1154453,1418722,67.45,154.97,81.7,100
31135,1154170,1417989,77.22,178.9,75.0,100
31156,1154160,1418009,83.23,193.47,69.7,100
31177,1154140,1417987,87.54,204.28,65.3,100
31209,1154135,1417970,89.55,210.48,61.8,100
31231,1153953,1417616,92.12,217.34,58.8,100
31253,1153963,1417591,94.15,223.38,56.4,100
31274,1153979,1417580,94.03,224.73,54.5,100
31295,1153947,1417602,92.93,222.13,53.1,100
31317,1154008,1417639,89.24,215.01,52.0,100
31338,1154009,1417637,82.54,201.09,51.1,100
31359,1153983,1417693,74.71,183.35,50.4,100
31380,1153989,1417654,64.73,161.87,49.9,100
31410,1153847,1417329,54.79,139.85,49.4,100
31433,1153870,1417339,43.21,113.96,49.1,100
31455,1153847,1417353,35.01,95.09,48.8,100
31476,1153850,1417323,29.37,82.84,48.5,100
31498,1153778,1417257,26.78,75.83,48.4,100
31519,1153805,1417289,24.1,69.07,48.2,100
31540,1153826,1417252,23.9,68.27,48.1,100
31561,1153806,1417256,25.33,70.3,48.0,100
31591,1153776,1417144,27.26,73.96,47.9,100
31613,1153736,1417176,28.26,73.82,47.9,100
31635,1153789,1417188,26.97,71.17,47.8,100
31657,1153748,1417181,25.79,68.09,47.8,100
31678,1153764,1417175,23.83,63.96,47.7,100
31699,1153784,1417218,20.29,55.27,47.9,100
31721,1153780,1417215,18.07,49.73,48.0,100
31743,1153780,1417221,17.22,48.18,48.1,100
31764,1153808,1417226,16.86,48.14,48.1,100
31794,1153747,1417130,16.55,46.57,48.2,100
31816,1153751,1417075,16.69,46.51,52.8,100
31837,1153749,1417084,17.6,47.52,56.5,100
31859,1153733,1417094,18.66,48.38,59.5,100
31881,1153373,1416315,21.71,54.0,64.1,100
31903,1153384,1416312,23.42,57.05,67.9,100
31924,1153389,1416318,24.59,58.73,70.8,100
31945,1153262,1416187,26.62,59.92,73.1,100
31976,1153293,1416188,28.52,63.13,74.4,100
31998,1153301,1416188,28.24,61.07,75.6,100
32019,1153282,1416155,26.58,55.87,76.2,100
32042,1153270,1416148,22.94,46.6,76.4,100
32064,1153345,1416214,16.68,32.75,76.3,100
32085,1153324,1416211,7.5,12.1,77.0,100
32106,1153340,1416204,-2.57,-9.37,77.8,100
32127,1153306,1416179,-12.66,-30.7,78.7,100
32148,1153230,1416019,-22.05,-49.72,79.4,100
32179,1153239,1416006,-31.12,-67.47,82.9,100
32201,1153234,1416018,-36.52,-78.25,85.7,100
32223,1153274,1416086,-38.89,-82.86,88.5,100
32246,1153242,1416101,-36.67,-78.35,90.8,100
32268,1153291,1416111,-32.88,-70.39,92.7,100
32289,1153261,1416110,-27.7,-61.93,94.1,100
32310,1153258,1416138,-21.93,-52.27,95.3,100
32332,1153311,1416198,-16.91,-42.81,96.2,100
32358,1153322,1416228,-12.52,-34.5,97.0,100
32381,1153323,1416262,-8.8,-27.33,97.6,100
32402,1153328,1416277,-6.79,-22.83,98.1,100
32425,1153516,1416662,-7.85,-24.43,98.5,100
32447,1153522,1416626,-5.66,-17.33,98.8,100
32469,1153501,1416667,-2.54,-9.78,99.0,100
32491,1153533,1416658,1.06,-0.27,99.2,100
32512,1153518,1416697,5.49,9.7,99.4,100
32533,1153534,1416687,9.75,19.95,99.5,100
32564,1153518,1416703,15.99,33.16,99.6,100
32586,1153467,1416656,20.76,43.07,99.0,100
32607,1153213,1416037,28.22,59.37,98.3,100
32629,1153229,1416041,35.38,76.1,97.4,100
32650,1153231,1416038,41.45,89.08,96.4,100
32672,1153194,1416020,46.36,99.07,95.5,100.0
32693,1153353,1416330,47.84,102.32,95.2,100.0
32714,1153360,1416349,47.89,102.1,94.9,100
32741,1153364,1416354,46.45,99.07,94.7,99.7
32764,1153351,1416338,40.44,86.73,94.5,99.7
32786,1153440,1416495,31.49,68.31,94.3,99.7
32808,1153420,1416521,22.12,48.39,94.2,99.7
32830,1153424,1416509,11.71,26.77,94.1,99.7
32859,1153426,1416513,0.85,4.14,94.1,99.9
32882,1153495,1416640,-9.41,-18.48,94.0,99.9
32904,1153521,1416709,-16.92,-36.1,93.9,99.9
32925,1153472,1416708,-19.43,-43.43,93.9,99.9
32947,1153518,1416712,-18.95,-41.9,93.6,100
32967,1153614,1416959,-15.88,-36.27,93.3,99.7
32988,1153636,1416932,-11.9,-26.35,93.1,99.9
33009,1153614,1416944,-7.18,-16.56,93.3,99.8
33030,1153615,1416985,-3.93,-10.02,93.4,99.8
33059,1153633,1416984,-1.43,-3.99,93.4,99.8
33082,1153745,1417289,-0.44,-1.92,93.5,99.9
33104,1153765,1417281,0.66,1.3,93.5,99.8
33126,1153764,1417310,2.01,4.94,93.9,99.9
33146,1153836,1417513,2.99,6.75,94.2,99.9
33167,1153860,1417531,4.55,10.05,94.4,99.8
33188,1153865,1417544,6.25,13.96,94.5,99.8
33210,1153849,1417554,7.97,17.37,94.7,99.7
33231,1153872,1417547,9.4,20.37,95.3,99.8
33260,1153763,1417333,11.75,25.04,95.9,99.8
33284,1153772,1417277,13.83,31.13,96.1,100
33306,1153734,1417262,14.75,33.13,96.2,99.9
33328,1153583,1416946,16.96,38.14,96.0,100
33349,1153590,1416951,18.19,41.45,95.9,100
33370,1153587,1416978,20.01,45.91,95.7,99.8
33391,1153603,1416963,19.54,45.62,95.3,99.9
33412,1153613,1417004,17.0,40.05,95.0,99.9
33442,1153732,1417220,11.36,27.82,95.1,100.0
33464,1153723,1417234,5.58,14.24,95.1,99.9
33487,1153746,1417243,-2.33,-3.77,95.1,99.9
33509,1153737,1417294,-11.35,-24.9,95.2,100
33530,1153772,1417262,-21.1,-46.98,95.2,99.8
33551,1153759,1417286,-30.77,-68.91,95.2,100.0
33573,1153753,1417314,-38.98,-87.69,95.2,100
33593,1153745,1417311,-44.66,-100.77,95.2,100.0
33614,1153781,1417351,-48.1,-107.59,95.2,99.9
33644,1153770,1417347,-47.77,-106.74,95.2,100.0
33667,1153760,1417337,-44.44,-100.34,95.2,100
33688,1153761,1417357,-39.33,-90.73,95.2,100
33711,1153884,1417658,-34.81,-82.41,95.2,100
33732,1153908,1417651,-29.74,-72.04,95.2,100.0
33753,1153893,1417651,-25.37,-62.82,95.2,100.0
33774,1153900,1417645,-23.04,-56.88,95.5,100
33795,1153907,1417694,-21.2,-52.55,95.8,100
33826,1153913,1417717,-19.58,-48.06,96.0,100
33848,1153885,1417702,-17.74,-43.41,96.1,100
33869,1153928,1417695,-16.54,-38.1,96.3,100.0
33893,1153922,1417646,-14.49,-31.61,97.0,100.0
33914,1153899,1417640,-11.84,-24.76,97.6,100.0
33935,1153878,1417632,-8.77,-17.56,98.1,100
33957,1153896,1417619,-5.62,-9.62,98.8,100
33978,1153489,1416742,1.92,7.56,99.0,100
33999,1153490,1416765,6.74,18.27,98.9,99.9
34026,1153481,1416764,9.93,24.71,98.5,99.9
34048,1153492,1416759,9.73,24.23,98.5,99.7
34070,1153473,1416731,8.23,20.39,98.4,99.7
34092,1153514,1416744,5.19,13.7,98.4,99.9
34115,1153491,1416728,3.25,8.41,98.7,100
34136,1153496,1416714,-0.96,-1.68,99.0,100
34157,1153486,1416734,-6.69,-16.09,99.2,100
34178,1153487,1416722,-13.67,-33.32,99.0,100
34209,1153500,1416682,-23.12,-53.29,98.9,99.9
34231,1153474,1416654,-32.77,-74.13,98.8,99.9
34252,1153328,1416334,-40.55,-91.08,98.7,100
34274,1153343,1416323,-47.46,-106.0,98.6,100
34295,1153326,1416332,-51.02,-114.0,98.6,100
34316,1153328,1416324,-49.38,-111.14,98.9,100
34338,1153326,1416357,-44.6,-102.12,99.1,100
34358,1153276,1416214,-37.96,-88.81,98.9,100
34379,1153238,1416192,-30.95,-75.4,98.8,100
34406,1153247,1416219,-25.7,-64.82,98.7,100
34428,1153242,1416200,-21.24,-55.56,98.7,100
34451,1153229,1416190,-18.09,-48.98,98.6,100
34473,1153229,1416168,-15.85,-44.06,98.9,100
34494,1153272,1416142,-15.72,-41.95,99.1,100
34516,1153239,1416164,-15.3,-40.75,99.3,100
34537,1153267,1416315,-15.36,-40.66,99.4,100
34558,1153284,1416332,-14.99,-37.89,99.5,100
34588,1153285,1416334,-13.41,-31.52,99.6,100
34611,1153156,1416051,-9.01,-19.87,99.7,100
34633,1153159,1415973,-5.23,-8.62,99.8,100
34655,1153139,1415948,-2.78,-1.0,99.2,100
34676,1153298,1416338,-0.72,4.7,99.3,100
34704,1153106,1415904,4.7,17.15,99.5,100
34727,1153015,1415709,11.31,31.35,98.3,100
34747,1152979,1415712,16.01,40.6,97.4,100
34769,1153007,1415709,19.73,48.93,96.7,100
34790,1153108,1415946,21.94,53.71,97.3,100
34811,1153101,1415931,23.68,58.09,96.9,100
34833,1153095,1415934,25.59,63.16,96.6,100
34853,1153109,1415959,25.53,63.57,96.3,100
34874,1153096,1415955,24.03,59.52,96.1,100
34907,1153146,1416051,20.49,51.01,95.9,100
34928,1153162,1416073,16.59,42.76,95.8,100
34950,1153142,1416038,14.09,37.76,95.7,100
34973,1153174,1416187,12.22,33.87,95.6,100
34994,1153213,1416138,10.51,31.86,95.5,100
35015,1153205,1416180,9.82,30.87,95.5,100
35036,1153188,1416207,12.39,35.44,95.4,100
35057,1153224,1416197,16.99,45.26,96.3,100
35079,1153238,1416288,22.24,55.46,97.1,100
35110,1153247,1416312,26.37,63.65,97.7,100
35131,1153198,1416299,30.15,70.27,98.1,100
35153,1153283,1416300,32.32,75.64,98.5,100
35175,1153346,1416488,33.49,77.85,98.8,100
35196,1153325,1416507,34.62,79.1,99.0,100
35217,1153350,1416523,34.9,79.5,99.9,100
35238,1153357,1416544,35.02,79.09,100.6,100
35259,1153484,1416866,33.62,75.0,101.2,100
35290,1153459,1416841,32.95,72.26,100.3,100
35312,1153479,1416837,31.79,69.8,100.9,100
35334,1153488,1416852,30.8,68.22,100.1,100
35356,1153155,1416083,33.83,75.38,99.6,100
35377,1153137,1416091,35.23,77.68,98.8,100
35398,1153129,1416065,35.82,78.69,97.8,100
35419,1153135,1416063,36.06,78.54,97.0,100
35439,1153121,1416133,36.4,77.17,96.3,100
35461,1153098,1416051,36.32,76.62,95.8,100
35492,1153142,1416089,34.59,74.42,95.4,100
35515,1153140,1416088,31.75,69.32,95.4,100
35537,1153211,1416230,26.28,57.46,95.0,100
35558,1153196,1416202,19.83,43.08,94.8,100
35580,1153189,1416190,10.67,22.35,94.6,100
35601,1153198,1416222,-0.72,-4.11,94.4,100
35623,1153200,1416192,-13.12,-32.3,94.3,100
35644,1153193,1416177,-24.46,-57.8,94.2,100
35674,1153195,1416201,-33.1,-76.82,94.1,100
35696,1153195,1416206,-36.86,-85.03,94.0,100
35717,1153296,1416390,-38.1,-87.31,94.0,100
35742,1153309,1416418,-36.66,-84.55,93.9,100
35764,1153326,1416404,-33.85,-78.52,93.9,100
35785,1153327,1416414,-29.75,-71.29,93.9,100
35806,1153345,1416485,-25.89,-64.05,93.8,100
35827,1153358,1416497,-22.36,-56.51,93.8,100
35848,1153371,1416519,-19.47,-49.96,93.8,100
35878,1153342,1416511,-17.15,-45.38,94.1,100
35900,1153337,1416573,-14.46,-40.68,94.3,100
35922,1153384,1416578,-11.99,-35.05,94.5,100
35946,1153383,1416572,-9.33,-29.18,94.7,100
35968,1153425,1416593,-6.44,-22.06,94.8,100
35989,1153434,1416723,-2.88,-15.44,94.9,100
36010,1153456,1416725,0.32,-8.45,95.2,100
36031,1153446,1416741,3.01,-2.96,96.2,100
36062,1153381,1416632,5.24,2.13,97.0,100
36084,1153164,1416062,8.5,11.31,97.2,100
36105,1153128,1416047,10.33,16.79,97.1,100
36131,1153135,1416038,10.77,19.88,97.1,100
36153,1153142,1416046,10.21,20.31,97.0,100
36175,1153090,1415910,9.9,20.99,96.7,100
36196,1153086,1415935,8.91,19.56,96.7,100
36217,1153050,1415932,9.63,20.27,96.7,100.0
36238,1153099,1415951,7.7,16.33,96.4,100
36269,1153189,1416071,2.72,7.02,95.9,99.9
36291,1153174,1416075,-3.59,-5.38,91.7,99.9
36312,1153164,1416070,-11.18,-20.92,92.7,99.9
36335,1153163,1416083,-20.26,-40.07,93.5,99.9
36358,1153184,1416189,-29.66,-61.26,94.2,100
36378,1153230,1416216,-38.17,-79.68,94.7,100.0
36399,1153230,1416173,-43.26,-90.83,95.1,99.9
36421,1153224,1416211,-44.52,-93.85,95.8,100.0
36452,1153312,1416406,-43.87,-91.87,96.3,99.7
36473,1153320,1416409,-40.45,-84.78,96.4,99.7
36495,1153321,1416425,-34.62,-72.72,96.5,99.8
36517,1153351,1416411,-28.51,-58.97,96.5,99.6
36540,1153350,1416455,-21.32,-44.62,96.6,99.7
36562,1153387,1416491,-14.51,-30.32,96.6,99.6
36583,1153389,1416502,-8.05,-16.25,96.6,99.7
36605,1153400,1416529,-2.78,-3.95,96.7,99.7
36625,1153427,1416616,1.77,6.16,96.7,99.8
36656,1153430,1416628,6.5,16.18,96.7,99.9
36680,1153445,1416628,11.25,25.97,96.7,99.9
36702,1153462,1416645,15.72,34.98,96.7,99.9
36723,1153539,1416842,18.98,41.09,96.7,99.9
36751,1153500,1416879,21.99,46.63,97.1,99.8
36774,1153546,1416869,23.95,50.93,97.0,99.8
36795,1153530,1416891,25.16,52.31,97.0,99.9
36816,1153337,1416374,27.88,58.52,96.6,99.9
36838,1153323,1416368,29.02,61.31,96.0,99.8
36859,1153292,1416345,30.35,64.24,95.3,99.8
36882,1153311,1416346,30.35,65.98,94.7,99.8
36903,1153388,1416516,28.97,64.62,94.2,100.0
36924,1153391,1416506,26.62,60.94,94.1,99.9
36955,1153372,1416507,25.34,59.19,94.1,99.9
36977,1153360,1416487,24.01,56.78,94.0,99.9
36998,1153436,1416659,20.1,48.83,93.9,99.8
37020,1153476,1416712,14.72,38.46,93.9,99.9
37041,1153442,1416691,8.24,24.41,93.9,100.0
37063,1153461,1416706,1.07,7.89,93.8,99.9
37084,1153467,1416703,-6.09,-9.0,93.8,99.9
37106,1153486,1416718,-12.73,-23.98,93.8,99.9
37127,1153494,1416713,-16.75,-33.26,93.8,99.8
37154,1153525,1416675,-18.34,-35.57,93.8,99.8
37176,1153482,1416725,-16.31,-31.7,93.8,99.9
37197,1153593,1416958,-14.3,-27.24,94.1,99.9
37219,1153596,1416931,-11.74,-21.41,94.3,99.7
37239,1153600,1416959,-9.32,-15.31,94.5,99.9
37261,1153588,1416954,-7.18,-11.01,94.6,99.8
37283,1153690,1417103,-5.71,-8.12,94.8,99.7
37304,1153661,1417110,-3.69,-5.28,94.9,99.8
37334,1153672,1417116,-2.06,-3.75,94.9,99.7
37356,1153677,1417125,-0.84,-3.04,95.0,99.6
37378,1153743,1417198,0.11,-2.64,95.0,99.5
37401,1153722,1417228,1.5,-1.19,95.1,99.7
37422,1153721,1417206,2.84,1.18,95.4,99.6
37443,1153720,1417200,4.75,5.54,96.3,99.6
37464,1153716,1417197,6.63,10.92,97.1,99.6
37485,1153692,1417213,8.85,16.44,97.3,99.5
37506,1153708,1417214,9.83,19.24,97.5,99.6
37534,1153715,1417190,10.43,20.87,97.4,100
37556,1153317,1416349,14.74,30.64,96.7,99.8
37580,1153343,1416354,16.23,34.68,95.8,99.9
37602,1153329,1416333,17.76,38.63,94.8,99.8
37624,1153344,1416328,17.19,37.94,93.8,99.9
37645,1153312,1416301,15.52,33.94,93.2,99.7
37666,1153336,1416352,12.12,26.82,92.7,99.7
37687,1153328,1416357,7.51,16.84,92.4,99.4
37714,1153343,1416358,1.33,4.41,92.4,99.3
37736,1153412,1416504,-7.29,-13.11,92.3,99.6
37758,1153392,1416490,-16.2,-32.57,92.3,99.6
37781,1153400,1416502,-26.39,-54.93,92.3,99.7
37803,1153405,1416498,-36.65,-77.86,92.6,99.7
37824,1153419,1416531,-46.27,-100.28,92.8,99.7
37845,1153425,1416482,-54.08,-118.19,93.0,99.6
37866,1153433,1416494,-58.02,-127.19,93.2,99.5
37887,1153406,1416560,-56.66,-125.45,93.3,99.8
37915,1153474,1416685,-52.59,-116.74,93.4,99.9
37936,1153508,1416687,-46.82,-103.0,93.5,99.7
37958,1153512,1416688,-40.38,-87.89,93.5,99.7
37981,1153488,1416689,-33.25,-72.71,93.9,99.8
38003,1153516,1416710,-26.37,-57.28,94.1,99.7
38024,1153481,1416613,-19.06,-41.3,94.4,99.7
38045,1153471,1416582,-12.42,-26.93,94.5,99.6
38066,1153464,1416616,-6.97,-15.56,94.7,99.7
38094,1153472,1416576,-2.14,-4.83,94.8,99.6
38116,1153488,1416681,2.34,4.07,95.2,99.7
38137,1153491,1416662,6.61,12.86,95.5,99.9
38159,1153503,1416643,10.32,21.78,96.4,99.9
38180,1153471,1416627,13.86,29.84,97.1,99.8
38203,1153428,1416555,16.96,36.52,97.7,99.5
38224,1153422,1416522,18.94,39.8,98.2,99.7
38245,1153422,1416485,19.34,40.71,98.5,99.7
38266,1153406,1416480,19.1,39.41,98.8,99.8
38296,1153028,1415632,22.33,46.27,97.5,100.0
38318,1153017,1415626,24.05,50.49,96.2,99.7
38339,1153000,1415608,24.57,51.6,94.9,99.7
38362,1152987,1415594,24.04,50.95,93.8,99.6
38384,1152976,1415571,22.65,48.72,93.2,99.6
38406,1152978,1415514,20.33,44.84,92.8,99.7
38427,1152962,1415499,16.74,37.51,92.4,99.7
38448,1152972,1415501,11.53,26.27,92.1,99.4
38470,1153007,1415646,3.98,9.72,92.1,99.5
38500,1152993,1415643,-5.1,-9.79,92.2,99.8
38522,1153020,1415652,-14.83,-30.61,92.2,99.8
38543,1153014,1415643,-24.78,-52.69,92.2,99.9
38564,1152986,1415606,-33.93,-72.45,92.2,99.8
38588,1152983,1415609,-41.57,-88.9,92.3,99.7
38610,1152981,1415596,-45.5,-96.56,92.3,99.7
38631,1152987,1415629,-44.59,-93.83,92.3,99.8
38651,1153034,1415727,-40.35,-84.63,92.6,99.7
38682,1153038,1415723,-34.52,-71.69,92.8,99.7
38704,1153044,1415751,-27.98,-57.94,93.3,99.8
38725,1153040,1415769,-20.69,-41.7,93.7,99.8
38747,1153090,1415845,-14.1,-25.56,94.0,99.7
38769,1153074,1415881,-7.25,-10.1,94.2,99.8
38799,1153097,1415900,-1.22,4.05,94.4,99.7
38823,1153075,1415858,4.44,16.58,94.6,99.7
38844,1153087,1415975,8.95,25.09,94.7,99.8
38866,1153175,1415946,12.31,34.01,94.8,99.6
38887,1153121,1415957,16.66,42.74,94.6,99.7
38908,1153133,1415989,20.85,51.39,94.4,99.7
38929,1153198,1416143,24.23,58.55,94.3,99.6
38951,1153205,1416132,27.49,65.52,94.2,99.7
38972,1153192,1416126,30.8,71.94,94.1,99.9
39002,1153189,1416121,33.29,77.3,94.0,99.8
39025,1153008,1415711,37.17,85.46,93.4,100.0
39046,1152994,1415687,40.66,92.76,92.4,99.9
39067,1152973,1415663,42.74,96.65,91.5,99.9
39089,1152968,1415629,44.03,98.56,90.6,99.9
39109,1152830,1415432,45.69,99.93,89.9,99.8
39130,1152828,1415489,45.52,97.15,89.3,99.6
39151,1152836,1415447,44.09,92.81,88.8,99.7
39172,1152860,1415436,41.33,86.45,88.5,99.7
39204,1152871,1415496,36.7,76.81,88.2,99.8
39226,1152874,1415484,30.7,64.12,88.2,99.7
39247,1152902,1415478,22.85,48.08,88.2,99.8
39268,1152874,1415470,14.23,29.15,88.2,99.7
39290,1152904,1415435,4.08,8.72,88.2,99.7
39311,1152857,1415425,-5.27,-11.21,88.2,99.7
39332,1152913,1415430,-13.99,-27.9,88.2,99.8
39353,1152875,1415434,-19.63,-39.36,88.2,99.9
39384,1152910,1415474,-23.63,-46.55,88.2,100
39406,1152883,1415481,-24.89,-50.29,88.2,100.0
39428,1152887,1415471,-24.62,-51.37,88.2,99.9
39450,1152906,1415508,-22.98,-50.66,88.5,99.9
39471,1152891,1415491,-19.4,-47.02,88.7,99.9
39492,1152956,1415626,-16.13,-43.62,88.9,99.9
39513,1152972,1415645,-13.49,-40.24,89.0,99.9
39534,1152970,1415648,-10.82,-36.51,89.4,99.9
39555,1152966,1415642,-8.28,-32.28,89.7,99.9
39582,1153063,1415899,-7.04,-30.36,89.9,100.0
39605,1153071,1415866,-5.98,-27.01,89.6,99.9
39627,1153088,1415935,-3.87,-21.53,89.3,100.0
39650,1153082,1415902,-1.56,-14.53,89.1,99.9
39671,1153088,1415972,0.76,-7.88,88.9,99.9
39692,1153095,1415991,3.21,-0.97,88.8,100.0
39713,1153127,1416011,5.76,6.12,88.7,100
39734,1153109,1415998,8.84,13.7,88.6,100
39765,1153120,1415999,12.12,21.81,88.5,100
39787,1153121,1416021,17.11,33.72,88.5,99.9
39808,1153139,1416007,20.73,43.38,87.0,99.9
39832,1153110,1416013,23.85,50.69,85.6,99.8
39853,1152820,1415364,28.91,62.95,84.1,99.9
39874,1152796,1415356,31.87,69.8,82.6,99.7
39895,1152817,1415359,32.29,71.73,81.5,99.8
39916,1153077,1415974,28.11,62.67,80.8,99.7
39937,1152797,1415339,26.84,60.52,80.2,99.7
39969,1152871,1415507,23.06,52.52,80.0,99.7
39991,1152884,1415506,18.59,42.95,79.8,99.7
40012,1152871,1415510,13.6,31.54,80.7,99.7
40036,1152920,1415566,7.03,17.29,81.7,99.8
40058,1152925,1415587,-0.39,0.96,82.5,99.8
40079,1152913,1415620,-8.35,-16.61,83.4,99.9
40099,1152937,1415609,-16.96,-34.42,84.1,99.9
40121,1152912,1415593,-24.62,-51.18,84.7,99.8
40151,1152910,1415557,-31.05,-64.51,85.1,99.8
40173,1152898,1415582,-34.36,-71.45,85.8,99.9
40194,1152912,1415570,-34.66,-71.87,86.3,99.9
40217,1152960,1415728,-32.75,-68.83,86.6,100.0
40240,1152960,1415748,-30.43,-64.88,87.0,100.0
40263,1152986,1415731,-28.08,-60.0,87.2,99.9
40285,1152983,1415737,-24.67,-53.32,87.4,99.8
40305,1153096,1415970,-21.83,-47.95,87.6,99.9
40327,1153083,1415960,-18.61,-41.21,88.0,99.8
40357,1153087,1415959,-15.69,-35.03,88.0,99.9
40378,1153082,1415958,-13.01,-28.78,88.1,99.9
40400,1153070,1415954,-10.5,-22.88,88.1,99.8
40423,1153223,1416244,-9.33,-19.92,88.1,99.8
40447,1153227,1416294,-7.13,-15.31,88.2,100.0
40469,1153234,1416349,-3.76,-8.19,88.2,100.0
40489,1153374,1416607,-1.27,-2.18,88.2,99.8
40510,1153358,1416599,2.67,5.88,88.2,99.8
40541,1153369,1416637,8.45,17.78,88.2,99.9
40563,1153362,1416580,13.46,28.2,87.7,100.0
40584,1153028,1415923,21.58,44.71,87.3,99.9
40607,1153061,1415886,26.64,56.52,87.0,100
40628,1153051,1415894,30.2,64.98,86.5,100
40653,1153051,1415905,32.64,71.22,86.1,100
40677,1153124,1416138,33.82,74.03,85.8,100
40699,1153171,1416202,34.6,76.72,85.8,100
40720,1153153,1416200,35.08,77.9,85.8,100.0
40743,1153165,1416183,34.01,76.4,85.7,99.9
40764,1153179,1416219,30.19,68.28,85.7,99.9
40784,1153422,1416701,19.92,46.37,85.7,99.8
40805,1153397,1416691,11.0,26.28,85.7,99.8
40827,1153413,1416711,0.32,2.57,85.7,99.8
40858,1153391,1416691,-10.35,-21.47,85.7,99.9
40879,1153425,1416715,-19.76,-41.99,85.7,99.8
40902,1153435,1416734,-25.28,-53.83,85.7,99.8
40924,1153431,1416738,-25.75,-54.53,86.0,99.8
40945,1153535,1416972,-23.16,-48.41,86.2,99.7
40966,1153565,1416938,-18.3,-36.36,86.3,99.6
40987,1153565,1417011,-12.18,-23.49,86.5,99.7
41008,1153574,1417012,-5.83,-10.74,86.6,99.7
41029,1153544,1417036,0.86,1.66,86.6,99.7
41060,1153804,1417553,4.53,8.22,87.0,99.7
41082,1153825,1417556,8.01,14.5,87.2,99.8
41104,1153806,1417563,10.12,18.69,87.4,99.6
41125,1153907,1417759,9.37,16.49,87.6,99.6
41146,1153915,1417781,8.49,13.69,87.2,99.7
41167,1153925,1417806,8.14,11.99,86.9,99.7
41188,1153917,1417822,9.04,12.86,87.2,99.7
41209,1153915,1417795,10.73,16.47,89.1,99.7
41237,1153883,1417729,13.49,22.58,90.6,99.7
41283,1153848,1417686,18.63,34.25,91.3,99.5
41304,1153862,1417603,21.66,43.18,91.8,99.8
41326,1153443,1416798,28.86,59.89,91.9,99.7
41348,1153425,1416768,33.77,71.66,91.7,99.6
41368,1153429,1416784,37.27,79.38,91.5,99.5
41389,1153441,1416740,37.59,80.59,91.4,99.6
41411,1153400,1416682,34.86,75.08,91.0,99.5
41432,1153407,1416690,28.67,62.6,91.0,99.6
41462,1153431,1416647,19.55,44.53,91.0,99.8
41485,1153407,1416644,8.39,20.54,91.3,99.7
41506,1153409,1416666,-5.06,-7.9,91.5,99.8
41527,1153407,1416672,-19.95,-40.35,91.4,99.7
41548,1153391,1416634,-35.85,-74.59,91.3,99.9
41569,1153387,1416651,-51.37,-109.03,91.2,99.8
41591,1153321,1416472,-64.84,-137.84,91.1,99.9
41612,1153359,1416514,-75.64,-161.2,91.1,99.8
41639,1153347,1416512,-81.86,-175.17,91.1,99.8
41661,1153331,1416503,-82.51,-178.11,91.0,99.8
41684,1153339,1416529,-79.45,-173.29,91.0,99.8
41705,1153359,1416565,-75.07,-165.43,91.3,99.9
41726,1153369,1416587,-69.33,-153.89,91.2,99.9
41747,1153361,1416606,-63.38,-141.55,91.4,99.9
41768,1153342,1416611,-57.74,-129.55,91.6,100
41789,1153348,1416608,-52.28,-116.93,91.7,100
41810,1153367,1416609,-47.1,-104.63,91.9,100.0
41840,1153365,1416595,-41.95,-92.8,92.2,99.9
41863,1153392,1416616,-37.93,-82.99,93.8,99.8
41885,1153371,1416630,-32.56,-71.34,95.0,99.8
41906,1153370,1416618,-26.73,-58.03,96.0,99.8
41927,1153372,1416630,-20.72,-43.97,96.8,99.9
41949,1153362,1416634,-14.57,-29.36,97.5,100.0
41969,1153294,1416432,-8.14,-13.12,98.0,99.9
41990,1153263,1416395,-2.04,1.35,98.4,99.9
42021,1153268,1416386,3.01,13.16,98.7,99.9
42043,1153226,1416321,7.5,23.01,99.0,99.9
42065,1152916,1415774,15.74,39.19,97.9,99.6
42089,1152982,1415770,18.88,45.92,97.1,99.8
42110,1152985,1415791,22.61,52.97,96.4,99.9
42131,1152942,1415772,25.29,56.96,95.9,99.9
42153,1152988,1415862,25.36,56.68,95.8,99.9
42174,1153007,1415875,22.46,50.62,95.7,99.9
42195,1152999,1415866,19.99,45.89,95.6,99.9
42225,1153033,1415884,15.02,36.04,95.5,99.8
42246,1153047,1415978,8.86,22.9,95.8,99.8
42269,1153087,1415945,1.64,8.61,96.0,99.7
42291,1153052,1415957,-5.37,-6.27,96.1,99.7
42313,1153047,1415960,-11.61,-19.4,96.3,99.7
42334,1153041,1415951,-15.96,-28.78,96.4,99.8
42355,1153029,1415958,-17.9,-33.15,96.4,99.8
42376,1153013,1415963,-15.68,-29.81,96.5,99.9
42407,1153058,1415968,-10.45,-18.43,96.6,99.8
42429,1153160,1416211,-4.07,-6.21,96.6,99.8
42450,1153151,1416206,2.91,7.58,96.6,99.8
42473,1153172,1416234,9.45,19.96,96.7,99.8
42496,1153159,1416201,15.12,30.62,96.7,99.8
42518,1153228,1416385,19.46,38.72,96.7,99.8
42539,1153239,1416328,23.17,47.13,96.7,99.7
42560,1153218,1416343,25.91,53.11,96.7,99.7
42581,1153204,1416363,28.47,58.94,96.7,99.7
42608,1153269,1416485,30.18,63.68,96.7,99.7
42630,1153290,1416488,32.19,69.26,96.8,99.8
42653,1153281,1416504,35.16,75.43,96.8,99.8
42675,1153293,1416452,37.79,81.53,97.1,99.7
42699,1153283,1416519,41.57,88.12,96.4,99.7
42721,1153136,1416176,46.02,97.15,96.2,99.8
42743,1153132,1416116,48.26,102.96,96.0,99.8
42765,1153098,1416094,48.78,104.06,95.5,99.8
42787,1152856,1415654,50.84,107.46,94.9,99.7
42808,1152879,1415639,50.59,107.42,94.4,99.7
42829,1152866,1415632,50.63,107.47,94.0,99.6
42849,1152876,1415659,48.17,102.72,93.4,99.7
42870,1152889,1415653,44.12,94.4,92.9,99.8
42901,1152980,1415854,37.85,80.72,92.8,99.8
42923,1152990,1415891,30.08,62.81,92.7,99.6
42944,1152992,1415894,20.23,41.17,92.6,99.6
42967,1152966,1415780,10.29,20.2,92.5,99.6
42987,1152971,1415784,-1.03,-3.24,92.5,99.6
43008,1152985,1415791,-12.78,-27.2,92.5,99.6
43029,1152957,1415808,-24.21,-51.35,93.0,99.8
43050,1152968,1415809,-31.74,-66.88,93.5,99.8
43080,1152903,1415704,-35.39,-74.45,93.5,99.8
43102,1152914,1415729,-35.64,-75.74,93.6,99.7
43124,1152903,1415719,-32.83,-70.51,93.6,99.8
43146,1152950,1415732,-28.27,-60.97,93.6,99.8
43167,1152971,1415949,-23.06,-52.44,94.0,99.9
43188,1152985,1415946,-18.08,-43.54,94.2,99.9
43209,1153001,1415935,-15.02,-37.15,94.4,100
43230,1153007,1415960,-12.91,-33.37,94.6,100
43251,1153096,1416160,-12.66,-33.14,94.7,100
43282,1153110,1416191,-12.37,-32.53,94.8,99.9
43305,1153044,1415953,-12.45,-30.22,94.9,99.8
43327,1153115,1416208,-12.67,-28.79,95.0,99.9
43349,1153175,1416317,-12.33,-26.18,95.3,99.9
43370,1153178,1416315,-11.24,-21.83,95.6,99.9
43391,1153167,1416326,-8.52,-15.0,96.5,99.9
43412,1153181,1416337,-4.69,-5.99,97.2,99.9
43432,1153099,1416180,0.85,5.94,97.8,99.9
43453,1153071,1416161,6.32,17.52,97.3,99.9
43485,1153124,1416104,10.63,28.09,96.6,100.0
43507,1153072,1416094,15.55,37.18,95.7,100
43529,1152874,1415727,20.96,47.13,94.7,99.8
43551,1152855,1415717,26.49,57.06,94.0,99.7
43572,1152853,1415735,29.33,61.68,93.4,99.5
43593,1152883,1415728,29.63,62.3,92.6,99.6
43615,1152929,1415877,27.91,58.64,92.0,99.5
43636,1152928,1415876,25.33,53.47,91.5,99.5
43667,1152921,1415877,20.74,44.14,91.1,99.6
43689,1152946,1415882,14.35,31.47,90.8,99.7
43710,1152912,1415836,7.27,16.17,90.6,99.7
43732,1152942,1415810,-0.98,-0.51,90.4,99.6
43753,1152895,1415823,-8.49,-17.17,90.5,99.6
43774,1152919,1415820,-15.74,-31.79,90.6,99.6
43795,1152920,1415786,-21.89,-43.29,90.6,99.5
43817,1153006,1416025,-27.04,-52.74,90.7,99.5
43838,1152997,1416010,-29.29,-56.27,90.7,99.6
43869,1153016,1416064,-28.69,-55.36,90.8,99.6
43891,1153133,1416347,-26.63,-52.47,90.8,99.7
43912,1153160,1416310,-23.5,-46.53,90.8,99.5
43934,1153126,1416340,-20.02,-41.36,90.8,99.6
43956,1153140,1416370,-17.79,-38.21,91.1,99.6
43976,1153144,1416346,-14.96,-33.82,91.4,99.6
43998,1153187,1416455,-12.37,-29.86,91.6,99.7
44019,1153211,1416455,-9.43,-23.67,91.7,99.6
44050,1153209,1416483,-5.31,-14.77,91.8,99.6
44072,1153301,1416644,-1.25,-5.3,91.6,99.5
44094,1153214,1416470,4.67,8.16,93.3,99.4
44117,1153298,1416663,10.04,20.04,92.8,99.5
44138,1153299,1416666,15.15,31.87,92.4,99.5
44159,1153288,1416680,19.59,41.32,92.1,99.6
44181,1153064,1416153,25.15,53.63,92.8,99.7
44203,1153049,1416147,28.53,60.78,93.0,99.5
44224,1153056,1416120,29.68,63.27,92.5,99.6
44254,1153018,1416031,30.15,64.17,92.2,99.6
44276,1153004,1416157,29.84,61.0,92.0,99.3
44297,1153050,1416111,30.55,61.2,91.7,99.4
44321,1153053,1416150,28.53,56.4,91.6,99.5
44344,1153240,1416543,23.12,44.62,91.7,99.6
44366,1153240,1416533,17.78,33.06,92.1,99.5
44387,1153239,1416546,11.15,19.04,92.5,99.4
44408,1153242,1416546,3.52,3.47,92.7,99.5
44438,1153224,1416582,-4.55,-14.07,92.9,99.6
44459,1153289,1416684,-13.88,-33.33,93.1,99.8
44482,1153311,1416695,-21.99,-50.1,93.2,99.7
44504,1153305,1416683,-26.87,-59.71,93.3,99.9
44527,1153319,1416751,-27.48,-61.42,93.4,99.8
44548,1153314,1416782,-24.71,-55.57,93.5,99.8
44569,1153326,1416775,-19.61,-44.25,93.5,99.7
44591,1153327,1416810,-12.86,-30.05,93.6,99.6
44611,1153322,1416768,-5.82,-15.25,93.6,99.4
44643,1153404,1416922,-0.88,-3.65,93.6,99.7
44666,1153384,1416928,3.03,5.03,94.0,99.7
44693,1153389,1416915,4.76,9.86,94.2,99.7
44716,1153395,1416972,5.43,11.96,94.4,99.7
44737,1153389,1416934,5.97,14.19,94.6,99.7
44759,1153384,1416940,6.1,14.82,94.7,99.7
44782,1153366,1416944,6.16,15.08,95.1,99.6
44803,1153393,1416965,5.61,14.45,95.5,99.6
44824,1153404,1416946,4.65,13.44,95.7,99.8
44846,1153410,1416942,3.5,12.0,96.6,99.9
44867,1153382,1416940,2.72,10.03,97.3,99.8
44898,1153060,1416206,5.49,15.8,97.5,100.0
44919,1153047,1416188,6.53,18.03,97.3,99.8
44943,1153019,1416129,6.82,18.77,96.9,100.0
44965,1152989,1416134,6.43,17.16,96.6,99.8
44985,1153058,1416204,3.89,12.6,96.6,99.7
45006,1153055,1416216,0.64,5.5,96.7,99.7
45027,1153045,1416223,-1.95,-1.3,97.0,99.7
45048,1153060,1416272,-6.1,-11.52,97.3,99.6
45070,1153157,1416383,-12.3,-25.04,97.5,99.6
45101,1153126,1416381,-18.86,-40.9,97.7,99.6
45123,1153164,1416372,-26.93,-58.87,98.1,99.5
45145,1153132,1416371,-35.83,-79.34,98.5,99.6
45167,1153104,1416365,-44.06,-97.96,98.8,99.8
45188,1153104,1416329,-50.9,-112.42,99.0,99.8
45209,1153099,1416309,-53.81,-118.14,99.2,99.8
45230,1153092,1416319,-51.84,-113.44,99.4,99.8
45251,1153094,1416335,-46.24,-101.0,99.5,99.9
45278,1153127,1416402,-38.95,-85.53,99.6,99.9
45299,1153119,1416389,-30.99,-68.73,99.7,99.9
45321,1153139,1416374,-23.25,-52.04,99.7,99.8
45346,1153196,1416540,-17.02,-39.36,99.8,99.7
45367,1153188,1416556,-11.19,-27.6,99.8,99.8
45388,1153186,1416531,-6.67,-17.66,99.9,99.9
45409,1153204,1416553,-3.81,-11.07,99.9,99.7
45430,1153173,1416538,-1.78,-5.85,99.9,99.8
45451,1153222,1416565,-0.59,-1.06,99.9,99.7
45482,1153225,1416558,1.1,4.01,99.9,99.7
45504,1153213,1416585,3.31,8.68,100.3,99.7
45525,1153311,1416802,5.18,12.63,100.6,99.8
45556,1153230,1416706,9.12,20.66,100.8,99.7
45579,1153294,1416721,12.01,27.32,101.0,99.7
45601,1153285,1416723,14.88,33.29,101.5,99.6
45622,1152874,1415910,22.02,47.62,100.2,99.5
45644,1152881,1415877,26.21,56.63,98.9,99.7
45664,1152881,1415867,28.32,61.73,97.6,99.7
45685,1152862,1415866,29.66,64.18,96.5,99.7
45706,1152854,1415847,30.04,64.23,95.7,99.8
45727,1152901,1415929,28.95,62.42,95.0,99.5
45759,1152926,1415940,27.02,58.66,94.5,99.7
45781,1152911,1415949,25.1,54.34,94.0,99.9
45802,1152943,1415971,20.81,46.08,93.7,99.9
45825,1152947,1416028,13.92,31.5,93.4,99.8
45846,1152952,1416064,5.08,12.79,93.2,99.8
45866,1152933,1416036,-5.29,-10.12,93.3,99.9
45887,1152953,1416029,-16.16,-33.66,93.4,99.8
45908,1152921,1415956,-25.22,-53.11,93.5,99.8
45939,1152926,1415977,-30.55,-64.84,93.5,99.9
45961,1152928,1415934,-30.65,-65.25,93.6,99.8
45984,1152983,1416048,-27.67,-59.1,93.3,99.9
46006,1152978,1416064,-22.56,-49.01,93.1,99.8
46028,1153005,1416072,-16.77,-36.58,93.0,99.8
46051,1152976,1416092,-10.53,-24.01,92.8,100.0
46072,1152980,1416095,-5.46,-13.44,92.7,100.0
46095,1153062,1416255,-2.26,-6.3,92.9,99.9
46117,1153058,1416237,0.7,0.45,93.1,99.9
46138,1153053,1416245,2.93,4.9,93.5,99.9
46160,1153041,1416252,4.9,8.47,93.9,100
46183,1153134,1416441,6.27,10.15,94.1,100
46206,1153106,1416431,8.54,13.23,94.7,100
46227,1153134,1416419,11.16,18.64,95.1,100
46250,1153167,1416423,13.98,25.41,95.4,100.0
46271,1153195,1416539,16.57,31.42,94.0,100.0
46292,1153181,1416549,19.31,37.76,92.8,100.0
46313,1153178,1416568,21.2,42.76,91.9,99.9
46335,1153173,1416569,23.38,48.68,91.2,99.9
46355,1153180,1416548,25.0,53.74,90.6,99.9
46388,1152910,1415923,30.89,68.14,90.1,99.9
46409,1152905,1415887,33.03,73.63,89.5,100
46431,1152887,1415861,35.25,79.25,89.0,100
46453,1152787,1415670,37.19,83.58,88.3,100.0
46474,1152776,1415689,37.67,84.13,86.0,99.9
46495,1152790,1415725,36.68,81.35,84.0,99.9
46516,1152792,1415715,33.7,73.7,82.4,99.6
46537,1152794,1415730,28.85,63.19,80.9,99.8
46557,1152845,1415808,21.61,48.35,79.9,99.9
46589,1152832,1415807,11.59,27.58,81.3,100.0
46610,1152856,1415806,0.81,4.91,82.7,100
46632,1152841,1415807,-10.42,-20.31,83.8,100.0
46654,1152779,1415711,-20.91,-44.6,84.7,100
46674,1152812,1415692,-30.62,-66.06,85.4,99.9
46695,1152797,1415684,-37.22,-80.24,86.0,99.9
46716,1152807,1415676,-39.99,-84.8,86.4,99.8
46738,1152837,1415775,-40.15,-83.99,86.8,99.8
46765,1152837,1415823,-38.46,-80.13,87.1,99.8
46787,1152840,1415794,-35.09,-72.8,87.6,99.8
46810,1152876,1415791,-30.81,-63.21,88.0,99.7
46832,1152891,1415926,-26.17,-55.1,88.3,99.8
46853,1152885,1415938,-21.48,-46.46,88.5,99.9
46876,1152907,1415941,-17.9,-39.47,88.7,99.8
46898,1152918,1415921,-14.95,-33.41,88.6,99.8
46919,1152926,1415986,-12.57,-28.85,88.6,99.8
46941,1152917,1416002,-9.95,-24.14,88.5,99.9
46963,1152906,1415990,-6.45,-17.46,88.4,100.0
46991,1152947,1416006,-2.85,-9.48,88.4,100.0
47013,1152912,1416040,1.48,-0.71,88.4,100
47034,1152941,1416052,5.1,8.36,88.3,100
47055,1152947,1416017,8.34,17.28,88.3,99.9
47077,1152957,1416040,11.05,24.32,88.3,99.7
47098,1153009,1416171,12.86,28.53,88.3,99.8
47118,1152985,1416191,16.11,35.75,88.3,99.8
47139,1152990,1416150,18.02,41.1,88.3,99.8
47161,1152961,1416124,19.55,44.93,87.8,99.9
47190,1152613,1415381,23.77,53.94,87.1,99.7
47213,1152615,1415366,25.13,57.68,86.4,99.7
47234,1152607,1415329,25.41,59.23,85.7,99.8
47255,1152599,1415356,24.99,58.14,85.0,99.7
47277,1152735,1415679,22.59,51.93,84.7,99.6
47298,1152756,1415689,19.83,45.78,84.9,99.8
47318,1152738,1415677,17.32,39.44,85.1,99.8
47340,1152770,1415689,13.53,31.51,85.2,99.9
47361,1152760,1415697,8.82,21.13,85.3,99.8
47388,1152962,1416096,-0.79,1.62,85.6,99.5
47410,1152967,1416108,-8.94,-14.91,85.9,99.5
47432,1152948,1416075,-17.82,-33.37,86.1,99.6
47455,1152848,1415917,-25.09,-49.84,86.3,99.7
47476,1152829,1415833,-30.55,-61.78,86.4,99.6
47497,1152872,1415868,-33.41,-67.47,86.5,99.6
47518,1152860,1415859,-30.27,-61.05,86.6,99.6
47538,1152888,1415861,-23.53,-46.13,86.7,99.6
47569,1152854,1415843,-14.64,-28.37,86.7,99.6
47592,1152860,1415869,-5.79,-10.97,87.0,99.6
47614,1152798,1415893,2.84,4.07,87.3,99.6
47636,1152858,1415898,9.16,16.41,87.5,99.6
47658,1152896,1415997,13.93,25.17,87.6,99.7
47679,1152897,1415990,16.63,30.4,87.7,99.6
47700,1152912,1416007,16.36,29.86,87.3,99.5
47721,1152882,1415984,13.72,23.68,87.0,99.5
47742,1152800,1415797,10.45,16.44,86.8,99.5
47772,1152871,1415971,7.56,9.31,86.5,99.9
47794,1152801,1415801,5.96,6.25,86.4,99.6
47815,1152805,1415783,4.97,5.37,86.2,99.6
47838,1152855,1415880,5.5,8.23,86.1,99.8
47858,1152890,1415885,4.97,10.52,86.1,99.7
47879,1152881,1415896,4.55,12.14,85.5,99.6
47901,1152862,1415910,4.67,13.06,85.1,99.5
47923,1152701,1415422,6.47,18.32,86.0,99.7
47944,1152627,1415382,8.36,20.5,85.7,99.7
47973,1152620,1415339,7.64,18.46,85.4,99.8
47995,1152589,1415318,6.18,14.09,85.3,99.6
48017,1152268,1414716,7.16,14.42,84.6,99.4
48039,1152264,1414677,6.16,10.86,84.2,99.2
48061,1152265,1414639,5.0,6.88,83.8,99.3
48083,1152240,1414643,3.84,1.97,83.4,99.2
48105,1152286,1414692,0.88,-5.71,83.4,99.4
48126,1152259,1414713,-2.44,-14.74,83.4,99.4
48156,1152270,1414727,-7.87,-26.74,83.6,99.5
48178,1152279,1414751,-15.81,-42.55,83.8,99.8
48199,1152276,1414711,-25.89,-61.61,83.9,99.8
48222,1152273,1414732,-36.55,-81.82,84.5,99.8
48245,1152222,1414799,-46.27,-101.35,85.5,100
48265,1152270,1414785,-54.53,-115.77,86.6,99.9
48287,1152311,1414834,-60.05,-124.29,87.5,99.7
48309,1152295,1414833,-62.93,-128.29,88.2,99.6
48330,1152309,1414843,-62.24,-125.08,88.7,99.5
48351,1152319,1414842,-57.16,-113.07,89.2,99.4
48372,1152338,1414923,-49.21,-95.73,89.5,99.4
48393,1152360,1414946,-40.69,-76.49,90.1,99.4
48423,1152369,1414979,-31.81,-57.23,90.5,99.5
48444,1152370,1414985,-23.23,-37.74,92.4,99.4
48466,1152431,1415028,-15.78,-20.04,93.9,99.1
48488,1152364,1415044,-7.76,-4.18,95.1,99.3
48509,1152393,1415055,-0.49,10.82,96.1,99.4
48530,1152401,1415020,6.36,24.92,96.9,99.5
48551,1152421,1415014,12.88,37.22,97.5,99.7
48571,1152501,1415246,18.11,45.19,98.0,99.6
48601,1152488,1415227,25.06,57.4,98.4,99.2
48624,1152507,1415220,29.73,66.0,98.1,99.1
48647,1152480,1415150,34.25,74.54,97.8,99.1
48669,1152440,1415135,38.74,82.16,97.6,99.2
48690,1152430,1415101,42.18,87.79,95.7,99.3
48711,1152404,1415074,44.69,91.45,94.0,99.2
48732,1152399,1415026,46.19,93.47,94.0,99.2
48753,1152113,1414425,49.9,99.85,94.0,99.2
48774,1152106,1414427,51.23,101.37,94.0,99.3
48804,1152100,1414474,51.41,100.01,94.0,99.1
48827,1152119,1414409,50.31,97.51,94.0,99.3
48850,1152106,1414437,48.65,92.99,94.0,99.2
48873,1152109,1414473,45.8,86.48,94.0,99.1
48895,1152104,1414446,40.68,76.86,94.0,99.2
48917,1152135,1414456,33.19,62.64,94.0,99.3
48937,1152124,1414440,24.14,44.96,94.0,99.4
48959,1152122,1414419,13.88,24.92,94.0,99.3
48979,1152126,1414439,3.21,3.51,94.0,99.2
49007,1152074,1414413,-6.79,-17.34,94.0,99.2
49029,1152090,1414488,-16.21,-37.27,94.0,99.4
49052,1152111,1414431,-24.05,-53.07,94.0,99.3
49075,1152126,1414439,-29.2,-63.33,92.6,99.2
49096,1152087,1414426,-29.72,-64.7,91.5,99.2
49116,1152133,1414445,-28.01,-60.59,90.6,99.2
49137,1152156,1414461,-25.17,-54.48,89.8,99.1
49158,1152129,1414439,-21.22,-46.65,89.3,99.1
49190,1152140,1414486,-17.81,-40.07,88.8,99.1
49211,1152235,1414678,-15.36,-35.24,88.4,99.2
49233,1152230,1414678,-12.51,-29.65,87.0,99.2
49257,1152243,1414682,-10.12,-23.6,85.8,99.2
49279,1152253,1414686,-7.2,-16.01,84.8,99.2
49300,1152334,1414887,-5.41,-11.68,84.1,99.2
49321,1152341,1414867,-3.22,-7.11,83.5,99.2
49342,1152329,1414912,-0.22,-3.03,83.5,99.3
49364,1152350,1414901,2.87,2.05,83.4,99.3
49394,1152396,1415024,6.13,7.02,83.4,99.3
49416,1152401,1415039,11.13,17.04,78.3,99.2
49437,1152376,1415048,15.93,26.42,73.9,99.2
49462,1152422,1415059,19.58,35.6,70.5,99.3
49484,1152232,1414601,25.09,49.17,70.3,99.2
49505,1152185,1414598,29.59,59.23,70.1,99.1
49526,1152181,1414547,32.02,65.43,69.8,99.2
49547,1152171,1414531,33.69,69.66,69.5,99.1
49576,1151943,1414093,36.61,76.4,69.4,99.2
49598,1151936,1414104,37.48,78.75,69.3,99.1
49619,1151939,1414057,34.74,74.73,72.1,99.3
49642,1151935,1414131,31.19,67.56,74.6,99.1
49666,1152033,1414239,24.94,55.82,76.6,99.3
49687,1152027,1414243,18.3,41.94,77.9,99.3
49708,1152031,1414272,10.01,24.2,79.0,99.2
49729,1152046,1414238,-0.22,3.05,79.6,99.3
49750,1152095,1414340,-11.8,-21.67,80.2,99.2
49781,1152112,1414330,-23.55,-45.72,80.3,99.2
49803,1152079,1414381,-33.19,-66.6,80.5,99.3
49824,1152086,1414345,-40.8,-81.97,80.8,99.2
49846,1152095,1414399,-45.49,-91.93,81.6,99.2
49868,1152086,1414405,-47.6,-96.27,82.4,99.3
49890,1152113,1414413,-47.0,-94.84,83.6,99.3
49911,1152128,1414414,-43.33,-87.44,84.5,99.3
49931,1152175,1414544,-37.35,-76.4,85.2,99.3
49964,1152192,1414557,-30.25,-63.21,85.8,99.4
49985,1152191,1414551,-22.67,-48.67,86.3,99.4
50007,1152193,1414550,-16.37,-36.46,86.7,99.4
50028,1152221,1414661,-11.1,-26.09,87.0,99.4
50051,1152229,1414669,-6.58,-16.26,87.3,99.3
50073,1152228,1414624,-2.99,-7.16,87.5,99.3
50095,1152208,1414673,0.05,0.24,87.6,99.1
50116,1152245,1414657,2.48,7.14,87.7,99.0
50137,1152324,1414807,4.43,12.13,87.8,99.0
50168,1152301,1414846,8.05,18.91,87.9,98.6
50191,1152320,1414813,11.87,26.2,88.0,98.9
50211,1152406,1414992,13.76,29.89,88.0,98.9
50233,1152403,1414954,15.73,34.1,88.1,99.0
50255,1152350,1414993,19.07,39.57,87.6,99.4
50278,1152371,1414984,20.44,42.88,87.2,99.4
50299,1152402,1414998,20.63,44.59,86.9,99.6
50321,1152132,1414444,23.67,51.68,86.4,99.6
50352,1152102,1414356,26.06,57.41,85.8,99.7
50374,1152088,1414303,26.72,58.64,85.3,99.6
50396,1151992,1414175,27.9,60.32,84.7,99.5
50417,1152019,1414201,28.15,60.46,84.2,99.4
50438,1151988,1414180,28.09,59.61,84.0,99.4
50460,1152000,1414179,26.44,56.0,83.9,99.4
50483,1152061,1414321,22.25,46.64,83.8,98.9
50504,1152086,1414319,16.3,34.81,83.7,99.0
50526,1152081,1414287,8.47,19.31,83.6,99.2
50548,1152044,1414299,-0.8,-0.55,83.6,99.1
50569,1152085,1414294,-11.95,-23.29,83.5,99.2
50591,1152017,1414151,-22.33,-45.41,83.5,99.3
50612,1152002,1414161,-31.92,-66.68,83.7,99.3
50633,1151972,1414162,-38.75,-82.02,83.8,99.3
50654,1151983,1414143,-42.28,-89.38,84.2,99.3
50686,1152080,1414329,-43.73,-91.19,84.5,99.3
50708,1152107,1414350,-41.78,-85.96,84.8,99.3
50728,1152121,1414373,-37.61,-77.88,84.9,99.3
50750,1152099,1414409,-32.49,-68.58,85.1,99.5
50773,1152231,1414629,-28.82,-61.2,85.5,99.4
50796,1152248,1414601,-25.48,-53.71,85.8,99.2
50817,1152221,1414618,-22.76,-48.8,85.3,99.3
50839,1152233,1414599,-20.52,-43.7,84.9,99.3
50860,1152264,1414663,-18.44,-38.7,84.6,99.2
50882,1152230,1414716,-14.93,-32.11,84.3,99.3
50905,1152275,1414723,-10.91,-22.88,84.1,99.3
50926,1152259,1414713,-5.24,-10.86,84.0,99.3
50947,1152340,1414877,0.69,0.85,83.8,99.5
50968,1152350,1414867,7.16,13.86,83.7,99.4
50989,1152340,1414882,14.33,28.27,83.7,99.4
51010,1152351,1414941,19.55,38.61,83.6,99.4
51031,1152331,1414898,23.8,47.2,83.5,99.3
51052,1152481,1415193,25.14,50.77,83.5,99.4
51083,1152492,1415199,26.05,53.18,83.5,99.4
51104,1152477,1415195,26.65,54.93,83.4,99.3
51126,1152151,1414535,29.85,62.67,83.4,99.3
51148,1152136,1414486,31.14,67.02,83.2,99.4
51169,1152161,1414500,31.29,69.03,82.8,99.5
51190,1152140,1414499,31.45,70.07,82.4,99.5
51211,1152134,1414450,31.27,70.2,82.2,99.6
51232,1152215,1414664,29.77,66.79,81.9,99.4
51253,1152223,1414662,27.67,62.46,82.0,99.3
51284,1152206,1414654,24.57,56.49,82.0,99.3
51307,1152297,1414794,19.38,46.71,82.1,99.5
51328,1152202,1414659,14.54,35.98,82.1,99.4
51351,1152289,1414782,6.8,19.79,82.1,99.5
51371,1152290,1414772,-2.84,-0.62,82.1,99.6
51392,1152276,1414758,-13.32,-23.1,82.1,99.6
51413,1152368,1414962,-24.06,-46.34,82.1,99.5
51434,1152346,1414973,-30.87,-62.08,82.4,99.5
51466,1152366,1414987,-33.28,-67.81,82.6,99.5
51489,1152367,1414967,-31.69,-64.71,82.7,99.4
51511,1152412,1415122,-28.54,-58.93,83.1,99.5
51532,1152450,1415133,-24.87,-51.07,83.4,99.4
51553,1152455,1415122,-20.33,-41.58,83.6,99.3
51574,1152455,1415152,-15.96,-33.44,83.5,99.4
51596,1152468,1415181,-12.11,-26.05,83.5,99.4
51617,1152460,1415191,-8.4,-19.52,83.5,99.5
51638,1152470,1415189,-4.78,-12.24,83.0,99.5
51669,1152472,1415208,-0.74,-4.47,82.6,99.8
51691,1152496,1415227,2.26,3.03,82.3,99.5
51714,1152496,1415197,5.99,12.38,82.1,99.3
51736,1152495,1415232,9.35,19.45,81.9,99.4
51757,1152483,1415254,11.45,23.24,81.7,99.4
51779,1152579,1415401,11.95,23.92,81.6,99.4
51800,1152574,1415319,13.54,27.2,81.5,99.5
51821,1152576,1415394,14.26,27.54,81.4,99.3
51852,1152543,1415366,14.53,26.83,81.3,99.4
51873,1152296,1414810,16.16,30.09,82.5,99.1
51895,1152273,1414776,15.59,29.36,83.1,99.3
51919,1152275,1414786,14.44,27.03,83.6,99.4
51941,1152238,1414723,13.36,24.22,83.8,99.3
51963,1152272,1414743,11.57,20.52,83.9,99.5
51984,1152259,1414831,9.68,15.21,84.3,99.4
52005,1152301,1414852,6.72,9.27,84.6,99.7
52026,1152299,1414887,4.17,3.18,85.1,99.4
52055,1152440,1415116,-1.04,-6.58,85.4,99.5
52077,1152447,1415123,-6.81,-18.07,86.0,99.4
52100,1152454,1415126,-13.59,-31.61,86.4,99.2
52124,1152459,1415139,-21.85,-47.73,88.5,99.3
52146,1152425,1415111,-29.95,-63.16,90.2,99.5
52167,1152424,1415089,-36.8,-76.47,91.5,99.5
52188,1152425,1415113,-40.36,-83.68,91.1,99.5
52209,1152453,1415114,-40.36,-82.8,90.5,99.4
52230,1152490,1415197,-37.25,-75.86,90.1,99.4
52260,1152506,1415218,-31.7,-64.35,90.0,99.3
52282,1152476,1415215,-24.5,-50.11,89.9,99.4
52304,1152477,1415223,-16.76,-34.86,89.8,99.5
52326,1152582,1415378,-10.58,-22.82,91.5,99.5
52348,1152575,1415385,-5.06,-12.15,92.9,99.4
52369,1152582,1415387,-1.12,-4.42,94.0,99.3
52390,1152567,1415391,1.66,0.3,94.9,99.6
52411,1152558,1415364,3.22,3.8,99.9,99.5
52442,1152618,1415446,3.27,4.8,103.9,99.3
52463,1152625,1415452,4.15,7.05,107.1,99.2
52485,1152616,1415461,6.01,9.87,109.7,99.7
52508,1152699,1415601,7.23,12.46,111.8,99.8
52530,1152693,1415615,8.82,16.04,113.4,99.5
52552,1152693,1415648,11.67,22.05,114.7,99.5
52573,1152659,1415632,14.85,28.47,111.1,99.3
52594,1152690,1415651,16.3,31.98,108.3,99.2
52615,1152436,1415094,20.72,41.07,104.8,99.1
52646,1152423,1415027,23.73,47.99,101.7,99.3
52668,1152386,1414988,24.64,49.45,99.0,99.2
52689,1152314,1414825,25.18,50.63,96.9,99.2
52713,1152339,1414807,24.19,49.53,95.2,99.5
52735,1152313,1414843,23.24,47.24,93.8,99.3
52757,1152301,1414817,21.67,44.36,92.9,99.3
52778,1152315,1414847,18.61,38.78,92.3,99.1
52799,1152471,1415129,12.17,27.16,91.7,99.3
52830,1152467,1415133,4.65,12.52,91.3,99.4
52852,1152481,1415140,-3.86,-4.26,91.2,99.3
52873,1152477,1415095,-13.42,-24.13,91.1,99.0
52895,1152442,1415047,-22.91,-44.91,91.1,99.0
52918,1152432,1415058,-32.09,-65.55,91.1,99.3
52941,1152460,1415081,-38.38,-79.51,91.0,99.3
52964,1152573,1415365,-41.22,-86.56,91.0,99.5
52985,1152569,1415359,-39.85,-84.01,91.0,99.4
53007,1152570,1415375,-36.37,-76.55,91.3,99.4
53028,1152555,1415374,-31.09,-65.18,91.5,99.5
53049,1152567,1415361,-24.14,-50.4,91.6,99.4
53070,1152727,1415629,-18.05,-37.17,91.8,99.3
53092,1152705,1415657,-11.2,-23.83,91.9,99.3
53112,1152705,1415673,-5.1,-12.57,92.0,99.4
53144,1153133,1416577,-5.15,-13.0,92.0,99.6
53166,1153119,1416589,-3.61,-9.77,92.1,99.7
53188,1153151,1416611,-1.63,-3.98,92.1,99.6
53210,1153136,1416640,2.3,5.66,92.2,99.6
53232,1153155,1416617,7.17,18.07,91.9,99.4
53255,1153337,1417019,11.19,27.68,91.7,99.5
53276,1153321,1417036,16.74,39.62,91.6,99.6
53297,1153333,1417047,22.03,51.12,91.7,99.6
53318,1153343,1417061,28.67,65.43,91.8,99.5
53341,1153473,1417179,35.72,82.12,91.9,99.6
53364,1153422,1417161,47.18,106.53,91.4,99.8
53384,1153410,1417116,57.85,129.9,89.6,99.9
53406,1153381,1417131,67.28,150.37,87.7,99.8
53428,1153015,1416342,78.54,174.32,85.7,99.7
53449,1153029,1416350,84.11,186.03,84.2,99.7
53470,1153017,1416338,84.11,184.98,82.7,99.7
53491,1153036,1416322,80.55,176.77,81.8,99.8
53512,1153032,1416355,75.42,164.17,81.2,99.7
53541,1153108,1416561,67.68,145.72,81.0,99.6
53564,1153100,1416593,58.77,124.0,80.6,99.5
53585,1153122,1416555,46.74,97.32,80.4,99.6
53607,1153073,1416468,33.13,66.71,80.4,99.7
53628,1153065,1416497,17.59,32.06,80.1,99.6
53649,1153078,1416463,-0.44,-5.59,81.5,99.7
53670,1153072,1416468,-18.71,-43.3,82.6,99.6
53691,1153074,1416488,-36.11,-78.81,82.7,99.6
53711,1152985,1416236,-49.52,-105.39,83.3,99.7
53743,1152987,1416248,-58.59,-123.94,83.8,99.7
53765,1152963,1416250,-63.01,-133.09,84.2,99.7
53786,1152977,1416357,-63.55,-134.36,84.5,99.7
53808,1153035,1416348,-62.67,-130.71,84.7,99.7
53829,1153009,1416325,-60.66,-125.55,84.9,99.6
53850,1153025,1416313,-58.9,-121.38,85.1,99.6
53871,1153036,1416298,-57.9,-119.24,85.2,99.6
53891,1153023,1416299,-56.88,-118.57,85.3,99.6
53922,1152988,1416312,-55.85,-118.2,85.4,99.6
53944,1152983,1416307,-54.36,-116.49,85.5,99.6
53967,1152983,1416282,-52.85,-114.31,85.5,99.7
53989,1152955,1416237,-50.83,-111.14,85.5,99.7
54010,1152958,1416234,-48.97,-107.47,85.6,99.7
54031,1152974,1416221,-46.19,-100.89,85.6,99.5
54052,1152955,1416204,-41.81,-91.93,85.6,99.6
54074,1152830,1415959,-35.16,-78.86,85.6,99.7
54095,1152820,1415919,-28.18,-65.04,85.7,99.7
54122,1152825,1415943,-22.94,-55.04,85.2,99.7
54143,1152833,1415897,-19.5,-47.14,84.8,99.7
54167,1152780,1415895,-16.44,-40.48,79.6,99.7
54188,1152775,1415872,-14.68,-34.96,75.2,99.8
54209,1152790,1415840,-13.58,-30.58,71.7,99.6
54230,1152775,1415807,-13.1,-27.78,69.1,99.7
54252,1152298,1414879,-7.57,-16.81,68.8,99.6
54273,1152321,1414817,-5.96,-12.78,70.4,99.7
54304,1152311,1414802,-5.61,-12.12,71.3,99.8
54326,1152304,1414791,-6.55,-14.42,72.1,99.8
54347,1151974,1414150,-4.79,-11.42,73.4,99.7
54372,1151995,1414164,-5.37,-12.51,73.8,99.7
54394,1152000,1414123,-6.81,-14.76,74.0,99.7
54414,1151993,1414169,-8.75,-19.15,74.6,99.7
54436,1152023,1414155,-12.34,-25.7,75.1,99.7
54457,1152145,1414450,-19.15,-39.92,75.8,99.7
54478,1152112,1414461,-26.78,-57.17,76.5,99.8
54499,1152151,1414489,-36.5,-78.74,77.4,99.8
54521,1152155,1414454,-46.79,-101.28,79.6,99.7
54543,1152352,1414896,-58.57,-126.7,82.4,99.7
54570,1152356,1414892,-66.47,-144.27,85.3,99.7
54592,1152387,1414873,-68.12,-147.09,87.6,99.6
54613,1152345,1414891,-64.96,-140.89,88.8,99.7
54635,1152471,1415217,-60.16,-131.21,90.4,99.8
54656,1152497,1415200,-51.51,-112.13,91.1,99.7
54677,1152495,1415199,-37.79,-82.83,91.6,99.7
54698,1152477,1415212,-20.78,-47.04,92.0,99.7
54718,1152687,1415725,-5.31,-14.62,92.4,99.8
54739,1152739,1415679,11.02,21.66,92.7,99.7
54771,1152696,1415696,27.89,56.89,92.9,99.8
54792,1152709,1415680,43.67,90.65,93.0,99.9
54814,1152697,1415618,58.19,121.91,93.2,99.9
54836,1152687,1415616,72.41,152.64,93.0,99.8
54856,1152671,1415575,83.89,178.28,92.9,99.7
54877,1152660,1415600,91.58,195.34,92.5,99.7
54898,1152671,1415632,96.88,208.01,91.9,99.7
54919,1152302,1414766,104.55,227.14,91.9,99.8
54951,1152301,1414744,110.39,241.16,91.9,99.9
54973,1152253,1414743,112.35,244.74,91.9,99.7
54996,1152342,1414944,110.89,241.13,91.9,99.7
55018,1152329,1414938,107.84,234.01,91.9,99.6
55048,1152357,1414933,100.96,219.26,91.9,99.7
55073,1152339,1414948,91.76,197.81,91.9,99.7
55096,1152131,1414465,81.7,175.67,91.9,99.8
55117,1152108,1414436,69.1,147.65,91.9,99.8
55138,1152068,1414421,55.24,116.72,91.9,99.7
55159,1152066,1414383,39.6,83.74,91.9,99.7
55182,1151218,1412458,31.86,68.63,91.9,99.7
55205,1151182,1412397,21.66,48.58,91.9,99.9
55226,1151164,1412324,8.63,20.99,91.9,99.8
55247,1151155,1412295,-1.97,-0.79,91.9,99.8
55268,1150859,1411703,-6.06,-8.3,91.9,99.8
55289,1150857,1411692,-11.09,-17.31,91.9,99.9
55310,1150830,1411650,-18.66,-33.52,91.9,99.8
55331,1150836,1411621,-30.11,-58.38,91.9,99.8
